胡锦涛与韩国总统李明博举行会谈,340268,
中新网首尔八月二十五日电 (记者 孙宇挺)中国国家主席胡锦涛二十五日下午在首尔青瓦台总统府与韩国总统李明博举行会谈。,340268,首尔，青瓦台总统府
胡锦涛出访亚洲三国并出席上合组织峰会,340269," (2,亚洲)"
新华网北京8月25日电 应韩国总统李明博、塔吉克斯坦总统拉赫蒙和土库曼斯坦总统别尔德穆哈梅多夫邀请，国家主席胡锦涛于25日乘专机离开北京，赴韩国、塔吉克斯坦、土库曼斯坦进行国事访问并出席在塔吉克斯坦首都杜尚别举行的上海合作组织成员国元首理事会第八次会议。,340269,
胡锦涛同韩国总统李明博举行会谈,340270,
新华网首尔8月25日电 中国国家主席胡锦涛25日下午在首尔同韩国总统李明博举行会谈，就进一步发展中韩关系交换意见。,340270,首尔
胡锦涛在首尔同李明博举行会谈,340271," (2,首尔)"
新华网快讯：中国国家主席胡锦涛25日下午在韩国首都首尔同韩国总统李明博举行会谈，就进一步发展中韩关系交换意见。,340271,首尔
胡锦涛宣布将赠送一对朱?给韩国,340272,
《世界新闻报》记者/李静,340272,
胡锦涛抵达韩国后在机场发表讲话,340273," (2,韩国)"
国际在线报道(记者全宇虹、张敏、金锦哲)：应韩国总统李明博的邀请，中国国家主席胡锦涛25日中午乘专机抵达韩国首都首尔，开始对韩国进行国事访问。这是北京奥运会闭幕后中国最高领导人的首次出访。,340273,韩国首尔
胡锦涛首尔机场发表讲话：共创中韩关系新局面,340274,首尔
中新网首尔八月二十五日电 (记者 孙宇挺)中国国家主席胡锦涛二十五日中午抵达韩国首都首尔，胡锦涛在机场对记者发表讲话。,340274, 韩国首尔
陈水扁儿子没注册拥有学生证引发各方质疑,340275,
中新网8月25日电 陈水扁儿子陈致中23日搭机回台湾前，在机场秀出弗吉尼亚大学学生证。对此，弗吉尼亚大学一位曾负责学生入学事务的教授表示，“很难想象没有完成注册程序的学生，竟能拥有学生证。”,340275," (10,台湾)"
陈水扁揭露李登辉在任内公款私用,340276,
本报讯 据《海峡导报》报道 近日，涉嫌洗钱案的陈水扁爆料，揭露李登辉公款私用，称其在“总统”任内将1000多万美元(约3亿元新台币)公款流入李创办的“台湾综合研究院”。,340276," (42,台湾)"
陈水扁自称曾捐给民进党3.4亿新台币,340277,
人民网8月25日电 陈水扁说曾捐新台币三亿四千万元给民进党，民进党主席蔡英文23日中午出席北县募款餐会时表示，已透过财务部门清查，等到财务部门25日提出报告后，才能对外说明。,340277,
中国在苏丹首府设总领馆,340278,苏丹
中新网8月26日电 据中国外交部网站消息，8月25日，中国驻朱巴总领事张清洋抵苏丹南方首府朱巴，受到了苏丹南方自治政府官员、中资机构代表和华人的热烈欢迎，并接受了当地电台、电视台的联合采访。,340278,朱巴
中国新任驻新西兰大使递交国书副本,340279,新西兰
新华网惠灵顿8月26日电 (记者 刘洁秋) 中国新任驻新西兰大使张利民25日向新外交贸易部礼宾司司长塞莱尔递交了国书副本。,340279,新西兰
全国人大常委会将审议审计报告,340280,
本报讯 新一届全国人大常委会履职以来工作最为繁忙的一次常委会昨日召开，此次会议将审议五部法律草案和五个报告。,340280,
台检方再传唤陈水扁妻兄吴景茂 不排除申请羁押,340281,
中国台湾网8月26日消息 据台湾媒体报道，台检方特侦组追查陈水扁家族疑似洗钱案，发现陈家的相关账户，出现许多常见的洗钱手法，包括人头户、大额现钞提存、银楼汇款等情形，涉及洗钱的嫌疑大增。而吴淑珍的胞兄吴景茂，是本案关键人物之一。台检方特侦组今天下午2点，再度传唤吴景茂，若他不能清楚交代资金流向，台检方特侦组不排除在讯后，向法院申请羁押。,340281,台湾
外交部：奥运会成功并不意味中国世界地位改变,340282,
中国日报网环球在线消息：外交部发言人秦刚8月26日在例行记者会上对北京奥运会的成功举办给予了高度评价，并向参加奥运会的各国运动员表示感谢和祝贺。,340282,
外交部：希望日本加快消除在华遗留化学武器,340283,华
新华网北京8月26日电 (记者孙奕 白洁)外交部发言人秦刚26日在例行记者会上就日本在华遗留化学武器问题答记者问时表示，中方希望日本能够尽最大的努力，进一步地加快消除在华遗留化学武器的进程，早日消除日遗化武对中国有关地区人民生命财产和生态环境造成的威胁。,340283,华，中国
据称陈致中返台系因人身安全遭黑道威胁,340284,
人民网8月26日电 陈水扁的儿子陈致中夫妇在25日返台，并且在下午接受特侦组的侦讯。台湾资深媒体人杨宪宏今天在一个电视节目爆料说，扁家在瑞士的7亿岛外帐户，其实就是分给陈致中的财产。他指出，陈致中夫妇之所以回台，是因为830游行将届，陈水扁在政治上必须给绿营交代，加上美国黑道闻风找人，陈致中夫妇的安全发生问题，所以才返回台湾。,340284,台湾，瑞士
教育部将出台幼儿园收费标准暂行管理办法,340285,
中新网8月26日电 据中央电视台消息，针对目前部分幼儿园存在的高收费问题，教育部新闻发言人表示，教育部、发改委、财政部等部门将出台幼儿园收费标准暂行管理办法。,340285,
王胜俊：法院须把实现人民新要求作为工作标准,340286,
中新社北戴河八月二十六日电 最高人民法院院长王胜俊在此间举行的全国大法官“大学习、大讨论”研讨班上强调，人民法院必须把实现人民的新要求新期待作为工作的根本出发点和衡量标准；必须把促进社会和谐作为最重要的目标追求；必须把严格公正文明司法，保障社会公平正义作为司法工作的生命线。,340286,
胡锦涛到访塔吉克斯坦 将出席上合组织峰会,340287," (2,塔吉克斯坦)"
中新网杜尚别八月二十六日电 (记者 齐彬)中国国家主席胡锦涛周二傍晚抵达杜尚别，开始他此次亚洲之行的第二站访问行程，塔吉克斯坦总统拉赫蒙等高级官员到机场迎接。,340287,
胡锦涛开始对塔吉克斯坦进行首次国事访问(图),340288," (3,塔吉克斯坦)"
中新社杜尚别八月二十六日电 (记者 齐彬) 中国国家主席胡锦涛周二傍晚抵达杜尚别，开始他此次亚洲之行的第二站行程，这是他首次对这个中亚邻国进行国事访问，塔吉克斯坦总统拉赫蒙亲自到机场迎接。,340288," (9,中国) (16,杜尚别) (22,亚洲) (36,中亚) (42,塔吉克斯坦)"
胡锦涛称希望中韩经济界全面深化互利合作,340289,
国际在线报道 (记者 全宇虹)：正在韩国进行国事访问的中国国家主席胡锦涛26日在首尔表示，希望中韩经济界牢牢把握机遇，全面深化互利合作，共同开创中韩关系更加美好的未来。,340289,韩国，首尔
陈水扁家庭4名被告拒绝签署查账授权书,340290,
中新网8月26日电 据台湾《中国时报》报道，陈水扁之子陈致中夫妇昨日在接受检方约谈时均拒绝签署查账授权书以供调查。到目前为止，陈水扁家庭海外洗钱疑案涉案人士，包括陈水扁妻子吴淑珍、妻舅吴景茂及儿子陈致中夫妇共四名被告，无人愿签授权书，协助检方调查相关海外账户。,340290," (5,台湾)"
陈水扁家族7人涉嫌洗钱案被限制出境,340291,
中国台湾网8月26日消息 陈水扁家庭洗钱案，陈水扁之子陈致中夫妇昨天一接受完侦讯，台湾各地的海巡机关也立刻接到台检方的传真公文和告知电话，表示陈致中夫妇已被限制出境，至此陈水扁家族共有7人列入海巡限制出境名单。,340291,台湾
香港黑帮分子持械伤人挑衅警察,340292," (0,香港)"
中新网8月26日电 据星岛日报报道，香港黑帮分子嚣张跋扈，在尖沙咀街头公然持械伤人，被警员截查时竟脱去上衣挑衅，更用手指向警员鼻前辱骂，引起警方高层震怒，誓要铁腕打击气焰。,340292,香港，尖沙咀街头
中央已投入81亿元补助中西部廉租住房,340293,
为完成全国新增廉租住房保障户数250万户的年度目标，中央今年已经补助中西部地区81亿元，比去年高出46亿元。,340293," (19,中西部)"
今年1-7月全国财政收入40881亿元,340294,
新华网北京8月27日电 (记者陈菲、孙闻)财政部部长谢旭人27日说，今年1月至7月全国财政收支形势总体较好。,340294,
公安部发布道路交通事故处理程序规定(全文),340295,
新华网消息 公安部部长孟建柱8月17日签令发布《道路交通事故处理程序规定》，自2009年1月1日起施行。规定全文如下：,340295,
发改委称电煤二次限价令见效 煤价继续下滑,340296,
本报讯 距离7月24日发改委下发第二次电煤限价令发布一个月，昨日发改委表示，电煤限价临时干预政策对秦皇岛煤炭价格产生了较大影响，8月初，煤价继续下滑，最低成交价已达到860元/吨的限价水平。,340296," (26,秦皇岛)"
发改委：我国经济运行存在4个突出矛盾,340297,
新华网北京8月27日电 (记者周英峰、王飞)国家发展改革委副主任朱之鑫27日说，在看到好形势的同时，也要清醒地认识到经济社会发展面临的挑战和存在的矛盾。,340297,
发改委：推动物价上涨因素仍然较多,340298,
中新社北京八月二十七日电 (记者 张朔 周兆军)今年前七个月，中国居民消费价格上涨百分之七点七，其中七月份上涨百分之六点三，下一步推动价格上涨的因素仍然较多。,340298,
吴淑珍兄长再次被传讯 拒绝签海外查账授权书,340299,
新华网消息 据台联合报报道，台检方26日再度传讯吴淑珍的胞兄吴景茂，希望他签下海外查帐授权书，但吴景茂仍以帐户是吴淑珍在使用为由拒绝。检方认为陈水扁家族没有协助调查的诚意，根本就是在“推、拖、拉”。,340299,
国务院通过汶川地震灾后重建总体规划,340300,
中新网8月27日电 据中国政府网消息，国务院总理温家宝27日主持召开国务院常务会议，审议并原则通过《汶川地震灾后恢复重建总体规划》。,340300,
外交部就俄承认南奥塞梯阿布哈兹独立答问,340301,
新华网北京8月27日电外交部发言人秦刚27日就俄罗斯宣布承认南奥塞梯和阿布哈兹独立答记者问时说，希望有关各方通过对话协商妥善解决问题。,340301,俄罗斯
审计发现国开行58亿贷款违规进入股市楼市,340302,
8月27日下午，受国务院委托，审计署审计长刘家义向全国人大常委会第四次会议报告2007年度中央预算执行和其他财政收支的审计情况，一批违法违纪中央部委被无情曝光，这份审计清单仍然令人触目惊心。,340302,
审计报告称救灾资金审计已追究30名责任人,340303,
中广网北京8月27日消息 (记者申玉彪 张华杰)针对救灾资金审计调查情况，2007年度审计工作报告说，从审计调查情况看，救灾资金在保障受灾群众基本生活、重建家园、恢复生产和维护社会稳定等方面发挥了重要作用。但仍有一些部门和单位将2.58亿元救灾资金用于了弥补行政经费、建设办公楼等方面。对这些问题，有关部门和地方进行了严肃处理，已追究了30名责任人的责任。,340303,
审计署：07年度追回上一年度被挪用资金42亿,340304,
中广网北京8月27日消息 (记者申玉彪 张华杰)受国务院委托，审计署审计长刘家义开始向全国人大常委会报告2007年度中央预算执行和其他财政收支的审计情况。,340304,
审计署：13个省区逾2亿救灾资金被挪用,340305,
新华网北京8月27日电 (记者吴晶晶、崔清新)审计署对13个省(区)救灾资金审计调查情况表明，仍有一些部门和单位将救灾资金用于弥补行政经费、建设办公楼等方面。,340305,
审计署：中央财政376亿资金未纳入预算管理,340306,
新华网北京8月27日电(记者周婷玉、周英峰)审计署审计长刘家义27日向全国人大常委会报告的2007年度中央预算执行和其他财政收支的审计情况表明，中央财政管理存在项目审批把关不严等10余项问题。,340306,
审计署：中央财政部分项目审批不严致投资失当,340307,
新华网北京8月27日电(记者周婷玉、吴晶晶)2007年度中央预算执行和其他财政收支的审计情况表明，中央财政管理中，一些项目审批把关不严，有的监督管理也不到位。,340307,
审计署：中央部门存在问题资金293亿,340308,
新华网北京8月27日电 (记者周婷玉、吴晶晶)审计署审计长刘家义27日在报告2007年度中央预算执行和其他财政收支的审计情况时说，审计结果表明，中央部门预算执行中，部门本级存在的问题金额293.79亿元，部门所属单位存在问题金额170.7亿元。,340308,
审计署：中石油存在损益不实等问题,340309,
新华网北京8月27日电 (记者吴晶晶、周英峰)审计署审计长刘家义27日在十一届全国人大常委会第四次会议上作审计工作报告时指出，审计发现中国石油天然气集团公司、中国华电集团公司、哈尔滨电站设备集团公司3家中央企业在经营管理方面存在四大问题。,340309,
律师曝陈水扁之子在美疑有2银行帐户4豪宅,340310,
新华网消息 据台联合晚报报道，国民党“立委”邱毅与前“立委”、美国执业律师邱彰，上午公布了二个疑似陈致中在美国开立的银行帐户，以及陈致中曾经在美国登记过的四个地址。邱彰质疑，这四个地址都是价值上千万美元的豪宅，陈致中是个还没有收入的学生，如何能住的起这样的豪宅，陈致中应出面交代清楚。,340310," (18,美国)"
教育部长周济：严禁公办小学初中举债建设,340311,
中新网8月27日电 免除城市义务教育阶段学生学杂费东北片会议8月25日在哈尔滨市召开。教育部部长周济在会上表示，严禁学校举债建设。,340311," (17,哈尔滨市)"
民政部就汶川人员婚姻登记证明问题出台意见,340312,
新华网北京8月27日电 (记者李菲)记者从民政部基层政权和社区建设司了解到，为保障汶川地震灾后重建工作有序开展，积极恢复灾区群众正常生活秩序，解决因地震造成婚姻登记档案遗失、损毁引起的有关问题，民政部日前就为汶川地震灾区有关人员出具婚姻登记证明问题提出明确意见。,340312,汶川
胡锦涛与塔吉克斯坦总统举行会谈,340313,
中新社杜尚别八月二十七日电 (记者 齐彬)正在塔吉克斯坦进行国事访问的中国国家主席胡锦涛，二十七日在杜尚别同塔总统拉赫蒙举行会谈。双方就全面推进中塔睦邻友好和互利合作、加强在上合组织框架内合作、维护地区和平稳定等达成重要共识。,340313, 塔吉克斯坦，杜尚别
胡锦涛会见俄罗斯总统梅德韦杰夫,340314,
中新社杜尚别八月二十七日电(记者 齐彬)中国国家主席胡锦涛二十七日在杜尚别会见了前来出席上海合作组织峰会的俄罗斯总统梅德韦杰夫。,340314,杜尚别
胡锦涛同塔吉克斯坦总统会谈,340315,
新华网杜尚别8月27日电 中国国家主席胡锦涛27日在杜尚别同塔吉克斯坦总统拉赫蒙举行会谈，就进一步发展中塔关系交换意见。,340315,杜尚别
胡锦涛在杜尚别同塔吉克斯坦总统举行会谈,340316,杜尚别
新华网快讯：中国国家主席胡锦涛27日在杜尚别同塔吉克斯坦总统拉赫蒙举行会谈，就进一步发展中塔友好合作关系交换意见。,340316,杜尚别
胡锦涛：希望对话解决南奥赛梯和阿布哈兹问题,340317,
中新社杜尚别八月二十七日电(记者 齐彬)中国国家主席胡锦涛二十七日表示，希望有关各方通过对话妥善解决南奥赛梯和阿布哈兹问题。,340317,
财政部07年查出违规违纪资金569亿,340318,
新华网北京8月27日电 (记者陈菲、孙闻)受国务院委托，财政部部长谢旭人27日向十一届全国人大常委会第四次会议作了国务院关于2007年中央决算的报告。他说，2007年，财政部及地方各级财政部门着力推进依法理财、科学管理，深化预算管理制度改革，完善规范财政资金使用的长效机制，财政管理水平进一步提高。同时，加强财政资金管理和监督的任务仍十分艰巨。,340318,
铁路建设存在多结算工程款等问题 99人受处分,340319,
新华网北京8月27日电 (记者周婷玉、王飞)审计署审计长刘家义27日向全国人大常委会报告2007年度中央预算执行和其他财政收支的审计情况时指出，审计发现铁路建设项目存在违规转分包工程、多列预算、多结算工程款等问题。,340319,
陈水扁亲家自称负债20亿 用性命保证未参与洗钱,340320,
人民网8月27日电 根据最新一期的台湾《壹周刊》报道指出，陈水扁的两个亲家，继女婿赵建铭家涉入台开案后，媳妇黄睿靓家在这次海外洗钱案也被卷入，黄睿靓的父亲黄百禄首度坦承他个人背了20亿元台币的巨债，正在追债，为了让女儿风光，除花费新台币2千万元买下台中豪宅，还买中古宾士车，给女儿有面子。,340320," (9,台湾)"
陈水扁涉嫌洗钱案与机要费案可能合流侦办,340321,
中新网8月27日电 台湾检方特侦组侦办陈水扁家族洗钱疑案，今天上午约谈原陈水扁办公室主任林德训、原办公室副秘书长马永成、以及原办公室出纳陈镇慧、原参议郭文彬等四人。陈水扁洗钱案与机要费案有合流侦办的趋向。,340321," (4,台湾)"
上合组织各国签署杜尚别宣言 胡锦涛发表讲话,340322,
中新社杜尚别八月二十八日电 (记者 齐彬)上海合作组织成员国元首理事会第八次会议二十八日在塔吉克斯坦首都杜尚别举行，中国国家主席胡锦涛和其他五个成员国元首出席会议。胡锦涛发表了重要讲话。成员国元首签署了《杜尚别宣言》等重要文件，会议还发表了《联合公报》。,340322,塔吉克斯坦，杜尚别
两岸有望十月签协议共同开发钓鱼岛海域石油,340323," (7,钓鱼岛)"
台海网8月28日讯 两岸将在十月再度举行“陈江会”，会谈议题将优先讨论两岸共同开发油源。,340323,
十一五规划中期评估全面开始 各地加大执行力度,340324,
进入8月份，各省市发改委规划部门都忙于“十一五”规划各项指标的中期评估。,340324,
台东近海发生里氏4.9级地震,340325," (0,台东) (1,近海)"
中新网8月28日电 据“中央社”报道，台湾“气象局”地震测报中心今天发布，台东成功地震站东偏北方向27.8公里处的近海于今天清晨4时34分13.5秒发生里氏4.9级地震，地震深度为33.6公里。,340325," (10,台湾)"
台南“议员”带情妇在“议会”做爱被妻儿捉奸,340326,
台海网8月28日讯　台南市议会大楼，竟成议员“炮房！”南市议员李庆信，利用议会议员研究室偷腥，以为神不知鬼不觉，未料昨被妻儿女三人捉奸在床。李妻盛怒下还将女子胸罩、内裤全扔下楼，两女争吵拉扯时间长达五个小时，直到天亮议会员工上班，李妻才前往警局对女子提妨害家庭告诉。,340326,台南市
台湾检方查出疑似吴淑珍炒股人头户,340327," (0,台湾)"
中国台湾网8月28日消息 据台湾媒体报道，台检方特侦组最近接获不少吴淑珍炒股检举案，查出陈水扁办公室前出纳陈镇慧多次在领取公务机要费后，将现金汇入吴淑珍大学同学蔡美利之弟蔡铭杰账户，曾一天汇四次、每次九十万元。台检方怀疑，蔡铭杰是吴淑珍的股市人头，目前已锁定较明确的“烨隆案”追查，可望有所突破。,340327,
国民党广告牌悬挂胡锦涛吴伯雄握手照(图),340328,
人民网8月28日电 中国国民党台东县党部外，最近悬挂一幅大型广告牌，内容是中共中央总书记胡锦涛和国民党主席吴伯雄的握手照片，引人注目。,340328,
国资委面向海内外公开招聘央企总法律顾问,340329,
国务院国资委2008年面向海内外公开招聘中央企业总法律顾问工作拉开序幕,340329,
外交部就德国华人记者被停职答问,340330," (2,德国)"
新华网北京8月28日电 (记者孙奕、白洁)外交部发言人秦刚28日在例行记者会上就“德国之声”电台一名华人记者被停职答记者问时表示，媒体应秉持客观、公正的原则来进行报道。,340330,
外交部：坚决反对所谓台湾参与联合国活动提案,340331," (5,台湾)"
新华网北京8月28日电 (记者 孙奕 李诗佳)外交部发言人秦刚28日在例行记者会上表示，瑙鲁、冈比亚等国提出所谓台湾“参与联合国专门机构活动”的提案，企图制造“两个中国”、“一中一台”，侵犯了中国的主权和领土完整，干涉了中国的内政，中国政府和人民对此坚决反对。,340331,瑙鲁，冈比亚，中国
教育部要求全国中小学生共上《开学第一课》,340332,
教育部日前向全国的中小学校发文通知，要求全国各地学校组织学生和家长收看将于9月1日央视经济频道播出的《开学第一课》“知识守护生命”节目。,340332,
新加坡将提供陈水扁家族洗钱案司法协助,340333," (0,新加坡)"
人民网8月28日电 针对陈水扁家族涉嫌岛外洗钱案，台北地检署检察官庆启人已经向新加坡总检察长温长明对表达希望提供司法协助的意愿，温长明表示可根据新加坡法律给予必要司法协助。,340333," (18,新加坡)"
最高法院副院长：审判既要讲法治也要讲政治,340334,
全国大法官“大学习、大讨论”研讨班8月27日进行大会发言。最高人民法院党组副书记、副院长张军在大会发言时指出，审判机关和广大法官应始终坚持全面贯彻、完整体现“三个至上”指导思想，审判工作中既要讲法治也要讲政治。法官既要养成法律思维，更要培育政治智慧，必须具有综合的、真正高水平的司法能力。,340334,
温家宝习近平等出席残奥圣火采集仪式,340335,
中新网8月28日电 北京残奥会圣火采集及火炬接力启动仪式今天上午在北京天坛举行，温家宝、习近平、周永康等国家领导同志步入圣火采集及火炬传递启动仪式现场。,340335," (16,北京)"
胡锦涛会见俄罗斯总统梅德韦杰夫,340336," (2,俄罗斯)"
新华网杜尚别8月27日电（记者 廖雷 王作葵 卢敬利）国家主席胡锦涛27日在杜尚别会见了前来出席上海合作组织峰会的俄罗斯总统梅德韦杰夫。,340336,杜尚别
胡锦涛：推动联合反恐演习机制化(全文),340337,
新华网杜尚别8月28日电 国家主席胡锦涛28日在杜尚别举行的上海合作组织成员国元首理事会第八次会议上发表重要讲话。讲话全文如下：,340337," (1,杜尚别)"
金门计划与厦门中秋夜同步燃放高空烟火,340338,金门，厦门
中国台湾网8月28日消息 据台湾媒体报道，一年一度的中秋佳节就要到了，金门县政府规划在9月14的中秋夜，举办“金秋来一厦、两门烟火秀”的烟火晚会，与厦门市隔海同步施放五彩缤纷的烟火，吸引民众前来观光。,340338,台湾，金门，厦门
陈水扁岳母怒打记者 称受日本教育听不懂北京话,340339," (7,日本)"
环球时报驻台北特约撰稿人周先报道：据台湾《苹果日报》27日报道，陈水扁丈母娘吴王霞26日下午现身美容院洗头，遭台湾电子媒体围上追问对外孙陈致中返台应讯的看法。她连说多次“我不知道”，并气得拍打摄影机镜头及推打记者。,340339," (10,台湾)"
陈水扁幕僚称李登辉侵占挪用公款,340340,
中新网8月28日电 据台湾《中国时报》报道，受困于海外汇款案的陈水扁展开反击。陈水扁核心幕僚昨天提出李登辉主政时的巩案调查报告指控，“奉天专案”支付的2.8亿多元(新台币，下同)曾由台“国安局”违法回补2亿，台当局当时又让“外交部”归还全数“借款”，其中差额流入中华开发公司，再“洗回”台综院，李登辉难脱关系。,340340," (5,台湾)"
香港4名儿童染怪病3人死亡,340341," (0,香港)"
中新网8月28日电 据香港文汇报报道，香港本月3名女童在8天内离奇染病死亡，卫生防护中心27日预计，他们的化验报告将在一星期后完成。虽然至今仍未找出病源，但已排除小区爆发的可能性，并称即使未来所有测试结果呈阴性，也不一定代表有新种病毒或细菌威胁小区。,340341," (9,香港)"
中共首次派员考察美民主党大会 预判未来政策,340342,
8月27日，美国民主党党代会渐入高潮。东道主丹佛市迎来的两位中国客人连日忙碌，引起记者关注。,340342,丹佛市
农业部：城乡收入差距创30年最大水平,340343,
本报北京8月28日电(记者 崔丽)今天，农业部部长孙政才在向全国人大常委会作国务院关于促进农民稳定增收情况的报告时指出，近几年是我国农民收入增长最快的几年，但城乡居民收入差距也在不断扩大。,340343,
十一届全国人大常委会第四次会议闭幕,340344,
中新社北京八月二十九日电 (记者 张朔)十一届全国人大常委会第四次会议在完成各项议程后，二十九日下午在北京人民大会堂闭会。会议经表决，通过了循环经济促进法，国家主席胡锦涛签署第四号主席令予以公布。,340344,
台警方部署上千警力应对绿营8-30反马游行,340345,
中新网8月29日电 台湾绿营发起的“8?30”反马游行，号称将有三万至四万人参加。台湾“警政署”及台北市警方为此动员二千二百名警力戒备，以确保当天相关方面的安全。,340345," (4,台湾) (29,台北市)"
国土部试点地方用地全面体检,340346,
一则审计公告，将国有土地出让收入监管这个“老大难”问题再次置于公众面前。,340346,
杨洁篪将出席赞比亚总统葬礼并访问保加利亚,340347,保加利亚
中新网8月29日电 据中国外交部网站消息，外交部发言人姜瑜宣布：外交部长杨洁篪将于9月2日至4日作为胡锦涛主席特使赴赞比亚出席姆瓦纳瓦萨总统葬礼，此前还将于8月31日至9月1日应保加利亚副总理兼外长卡尔芬邀请对保加利亚进行正式访问。,340347," (30,赞比亚) (47,保加利亚)"
江丙坤结束对日本访问返台,340348,日本，台
中新网8月29日电 国民党副主席江丙坤日前率团前往日本访问，今天搭机返台，他说，此行主要拜会日本各主要政党说明目前的两岸关系，日方也欢迎内定“驻日代表”人选。,340348," (11,日本)"
温家宝主持科教领导小组会议部署教育改革,340349,
中新网8月29日电 据中国政府网消息，中共中央政治局常委、国务院总理、国家科技教育领导小组组长温家宝主持召开国家科技教育领导小组第一次会议，听取教育部关于制订《国家中长期教育改革和发展规划纲要》工作情况的汇报，审议并原则通过规划纲要制订工作方案。,340349," (5,中国)"
环保部启动贸易环境逆差核算,340350,
当我国成为出口贸易大国后，到底付出了多少环境代价？环保部意图通过定量研究给出回答。,340350,
胡锦涛会见吉尔吉斯总统巴基耶夫,340351,
中新网8月29日电 据外交部网站消息，中国国家主席胡锦涛28日在杜尚别会见了前来出席上海合作组织峰会的吉尔吉斯斯坦总统巴基耶夫。,340351,杜尚别，吉尔吉斯斯坦
胡锦涛同土库曼斯坦总统会谈,340352," (2,土库曼斯坦)"
新华网阿什哈巴德8月29日电 中国国家主席胡锦涛29日在阿什哈巴德同土库曼斯坦总统别尔德穆哈梅多夫举行会谈，就发展中土关系和共同关心的国际及地区问题交换意见。,340352,阿什哈巴德，土库曼斯坦
公安部授予第六支赴海地维和防暴队一等功,340353," (5,海地)"
中新网8月30日电 据中国公安部网站消息，8月29日，公安部与云南省委、省政府在昆明召开授勋暨表彰大会，为中国第六支赴海地维和警察防暴队授予集体一等功。,340353," (5,中国) (20,昆明) (32,海地)"
内地奥运冠军与香港市民一起参加升国旗仪式,340354,
中新社香港八月三十日电 题：中国奥运冠军金紫荆广场见证升旗礼,340354,
内地奥运金牌健儿在香港作示范表演,340355," (5,香港)"
中新网8月30日电 正在香港访问的中国奥运代表团金牌运动员，今天展开第二日的访问活动，上午在四个场馆分别作示范表演，精彩表现赢得观众热烈掌声。,340355," (5,香港)"
北京最大规模限价房摇号 三成申请人为高学历,340356," (0,北京)"
晨报讯（记者 王娟）昨天，海淀区进行了首批限价房摇号配售，也是本市目前最大规模的限价房摇号。在2062户限价房申请家庭中，三分之一以上都是来自科研院所、大专院校的高学历人才。市建委相关负责人表示，高学历人才申请限价房并无特殊照顾，审核标准执行统一的准入门槛。,340356,
发改委等11部门联合通知贯彻实施节约能源法,340357,
中新网8月30日电 据国家发改委网站消息，国家发展改革委、科技部、工业和信息化部等11部门日前就贯彻实施《中华人民共和国节约能源法》联合下发通知，要求抓紧完善《节约能源法》配套法规和标准，加强重点工程、重点企业和重点领域节能管理。通知全文如下：,340357,
发改委：前七月商品房销售面积增幅大降,340358,
本报讯(记者马文婷)国家发改委前日公布的统计数据显示，今年1-7月，全国房地产销售面积27743万平方米，同比下降10.8%，增幅同比下降37.2个百分点，继续显示了商品房销售情况的低迷。,340358,
台大校长就校友陈水扁涉案向社会致歉,340359,
台海网8月30日讯 陈水扁、陈致中父子涉嫌洗钱疑案，由于两人都是台湾大学校友，台大校长李嗣涔二十九日表示，台大有十九万名毕业生，大多数校友对社会有贡献，台大感到自傲，但少数校友对社会造成不良影响，“当然我们要抱歉”。,340359,台湾
台大校长就校友陈水扁父子涉案向社会致歉,340360,
中新网8月30日电 陈水扁、陈致中父子涉嫌洗钱疑案，由于两人都是台湾大学校友，台大校长李嗣涔二十九日表示，台大有十九万名毕业生，大多数校友对社会有贡献，台大感到自傲，但少数校友对社会造成不良影响，“当然我们要抱歉”。,340360,
周永康在天津考察京津城际高铁建设情况,340361," (2,天津)"
新华网天津8月30日电（记者 李亚杰 李靖）8月29日，中共中央政治局常委、中央政法委书记周永康在天津考察工作时强调，要始终肩负全面建设小康社会、实现共同富裕的历史使命全力推进科学发展，要切实承担确保一方平安的重大责任全力维护社会稳定，要怀着对人民群众的深厚感情全力改善民生、化解矛盾纠纷，在推动科学发展中促进社会和谐稳定，在社会和谐稳定中实现又好又快发展。,340361," (1,天津)"
国泰航空飞伦敦客机引擎出故障折返香港,340362," (9,香港)"
中新网8月29日电 国泰航空公司今天一班由香港飞往伦敦的客机因为引擎发生故障，飞机起飞两小时后折返安全降落香港机场。,340362," (11,香港) (13,伦敦)"
土库曼斯坦政府授予胡锦涛尼亚佐夫勋章,340363," (0,土库曼斯坦)"
本报阿什哈巴德8月29日电 (记者 吴绮敏)国家主席胡锦涛29日在土库曼斯坦议会大厦会见了土库曼斯坦国民议会主席努尔别尔德耶娃。,340363," (20,土库曼斯坦)"
胡锦涛结束访问亚洲三国和出席上合峰会返京,340364," (3,亚洲) (12,京)"
新华网北京8月30日电 在结束对韩国、塔吉克斯坦、土库曼斯坦三国的国事访问并出席上海合作组织杜尚别峰会后，国家主席胡锦涛于30日乘专机回到北京。,340364," (1,北京) (8,韩国) (10,塔吉克斯坦) (12,土库曼斯坦) (20,上海) (23,杜尚别)"
调查称台湾记者日均工作11小时 71%想换工作,340365," (2,台湾)"
中国台湾网8月30日消息 据台湾媒体报道，台湾1111人力银行表示，台湾媒体记者平均一天工时11小时、最长14天没休假，半数对薪资待遇不满，平均薪资满意度仅40分；有换工作意愿者虽较前年下降13%，但仍高达71%。,340365,台湾
发改委：景区震毁水电站不再重建,340366,
本报讯 (记者李静睿)继国务院通过《汶川地震灾后恢复重建条例》后，国家发改委日前发布了灾区水电站恢复重建导则，当中明确位于自然保护区、风景名胜区、森林公园、地质公园、世界遗产地等国家和地方禁止开发区域内的水电站，已经损毁报废的，原则上将不再恢复重建。,340366,汶川
国民党将修改党章 马英九可能兼任党主席,340367,
新华网消息 据台联合报报道，国民党党章研修小组讨论“总统兼党魁”条款，据指出，马英九的态度已从选前的“不可能”，逐渐松动为“不排斥”；媒体预期，马英九很可能从明年下半年开始兼任国民党主席。,340367,
外交部协助被困泰国普吉岛中国游客回国,340368," (3,泰国) (4,普吉岛) (5,中国)"
中新网9月1日电 据外交部网站消息，有媒体报道，由于泰国示威群众占领普吉岛机场，泰铁路工会暂停全国铁路运输，有一批中国游客被困普吉岛。外交部高度重视，立即指示中国驻泰国使馆和驻宋卡总领馆核实、了解被困中国游客情况，要求有关旅行社妥善安置；同时要求泰有关部门采取措施，保证中国游客安全及日常生活，尽快安排他们离岛回国。,340368," (14,泰国) (36,普吉岛) (44,中国)"
江丙坤赴美出席共和党全代会,340369," (2,美)"
台海网8月31日讯 甫从日本出访回国的海峡交流基金会董事长江丙坤，今天将率团出发前往美国，出席美国共和党全国代表大会。,340369,日本，美国
贾庆林在黑龙江考察强调围绕中心谋发展,340370," (2,黑龙江)"
新华社哈尔滨8月30日电(记者吴晶)中共中央政治局常委、全国政协主席贾庆林近日在黑龙江调研时强调，要深入贯彻落实科学发展观，牢牢把握国家实施振兴东北地区等老工业基地战略的历史机遇，充分发挥统一战线和人民政协的作用，围绕中心谋发展，汇聚力量促振兴，为夺取全面建设小康社会新胜利作出贡献。</P>,340370,黑龙江，东北
食品标识管理规定等新法规9月1日起施行,340371,
新华网北京8月31日电 (记者 杨维汉)9月1日起，一批新法规和部门规章正式施行，将对我国的政治、经济、社会生活产生重要影响。,340371,
马英九作东 国民党五巨头为连战祝寿,340372,
台海网8月31日讯 马英九昨晚设宴为国民党荣誉主席连战祝寿，“府院”党高层齐聚。马英九出席时，记者问马，有上万人走上街头，有没有看转播？马英九却是一言不发。,340372,
马英九有望明年兼任国民党主席,340373,
台海网8月31日讯 国民党党章研修小组讨论“总统兼党魁”条款，据指出，马英九的态度已从选前的“不可能”，逐渐松动为“不排斥”；盱衡政治情势，马英九很可能选在明年十八全会后兼任国民党主席。,340373,
习近平：改革开放30年党建有五点启示,340374,
新华网北京9月1日电 中共中央政治局常委、中央书记处书记、中央党校校长习近平，今天出席中央党校2008年秋季学期开学典礼并发表重要讲话。他指出，党的十一届三中全会开启了改革开放历史新时期，也开启了党的建设历史新时期。30年来，我们党坚持推进中国特色社会主义伟大事业和党的建设新的伟大工程紧密结合，以改革创新精神全面加强党的建设，不仅为伟大事业提供了坚强的组织保证，党自身也在实践中得到锻炼、壮大、发展和提高。,340374,
卫生部党组书记：将全面推进医改,340375,
中新社北京九月一日电(记者 曾利明)中共卫生部党组书记高强在此间刚刚结束的“二00八深化医院管理年活动暨全国医政工作会议”提出，全国卫生系统要做好各项准备，全面推进以三大体系和一项基本制度建设为重点的医药卫生体制改革，到二0一0年见到初步成效。,340375," (1,北京)"
台检方发现陈水扁家族海外设纸上公司,340376,
中国台湾网9月1日消息 据台湾媒体报道，台“最高检”特侦组侦办陈水扁家族洗钱疑案，发现陈水扁家族除了在英属泽西岛、毛里求斯、开曼群岛设立控股公司外，并在伯利兹(Belize)设立纸上公司，且以这家公司在位于苏黎世的银行内开设账户，台检方项目小组正进一步追查该账户的资金来源及流向，厘清陈水扁家族的岛外资金动向。,340376, 
吴淑珍常语出惊人 陈水扁结扎私密事公开讲,340377,
台海网9月1日讯 陈水扁家族日前身陷海外密帐洗钱案风暴，有关陈水扁夫人吴淑珍以前讲过的话做过的事被媒体反复拿出来检视。吴淑珍以前很喜欢上镜头也很喜欢讲话，她常常语出惊人谈怎么应付关说，怎么炒股票甚至还将阿扁结扎的事情在媒体上公开讲。,340377,
国务院明确食品药品监管局由卫生部管理,340378,
新华网北京9月1日电(记者刘奕湛)记者1日从卫生部获悉，《卫生部主要职责、内设机构和人员编制规定》已经国务院常务会议审议通过，并于1日正式印发，明确卫生部管理国家食品药品监督管理局和国家中医药管理局。,340378,
国家药监局：残奥会期间兴奋剂治理不放松,340379,
本报讯(记者贾晓宏)记者今天从国家药监局了解到，残奥会期间兴奋剂治理不会松懈。,340379,
央行确保新增信贷向三农小企业和灾后重建倾斜,340380,
新华网北京9月1日电（记者姚均芳、王宇）中国人民银行1日表示，要引导货币信贷合理增长，优化信贷结构，加大对“三农”、小企业、灾后重建的信贷支持，金融机构要确保新增信贷资源向“三农”、小企业和灾后重建倾斜。,340380,
央行银监会联合下发限贷令 后奥运房价持续盘整,340381,
楼市价量齐跌,340381,
彭丽媛在维也纳国家歌剧院演绎木兰诗篇(图),340382,
据新华社电 中国歌剧《木兰诗篇》30日晚在奥地利维也纳国家歌剧院正式亮相，演出取得圆满成功。这是中国原创音乐作品首次登上这座世界顶级歌剧圣殿的舞台。,340382,
我国财政累计投入671.69亿抗震救灾资金,340383,
中新网9月1日电 财政部公布的最新数据显示，截至9月1日12时，中国各级财政部门共投入抗震救灾资金671.69亿元。,340383," (16,中国)"
据称马英九决定台湾不发展射程超1000公里导弹,340384," (3,台湾)"
中新网9月1日电 台湾军方权威人士透露，在安全与防务部门对采取守势战略获共识下，马英九执政团队已决定，台湾自行研制的雄二E巡航导弹不再精进射程，换言之，不会发展射程超过一千公里的导弹。,340384," (29,台湾)"
文化部印发文化市场重大案件界定条件,340385,
中新网9月1日电 文化部日前在其网站上公布了《关于印发〈文化市场重大案件管理办法〉的通知》。《办法》中称，文化市场经营场所发生安全事故，造成3人以上死亡，或者10人以上重伤，或者1000万元以上直接经济损失等九种情形属文化市场重大案件。,340385,
陈水扁家族被曝在三个国家设公司避税,340386,
中新网9月1日电 陈水扁被查到在英属泽西岛等地开设纸上公司后，台当局“调查局”洗钱防制中心再接获线报，指扁家族另在列支敦士登等多个避税天堂设立人头公司。“调查局”已请求协查扁家在当地账户资料。,340386,
香港九龙警长骑摩托巡逻失控坠地受伤,340387,
人民网香港9月1日电 九龙油麻地一名警长驾驶电单车巡逻时失控，堕地受伤，被送往广华医院治理。,340387,
香港拟投资兴建启德邮轮码头,340388," (0,香港)"
中新网9月1日电 据香港文汇报报道，香港商务及经济发展局局长刘吴惠兰表示，推动经济的设施，可以视为基建一部分，特区政府会考虑主动投资。其中邮轮码头特区政府会研究负责先行兴建泊位及道路等基建，争取尽快落成，推动香港的邮轮旅游。,340388," (9,香港) (39,特区)"
600家台湾企业投资大陆将完全松绑,340389,
新华网台北9月2日电 (记者 秦大军　陈键兴) 台行政当局“经济部工业局”最新统计资料显示，岛内共有约600家企业获得“营运总部”认定，将优先受惠完全松绑，不受资本登陆60%限制。,340389,
两部委向川滇下拨2700万救灾资金,340390,
新华网快讯：民政部、财政部1日向受攀枝花地震影响的四川和云南两省紧急下拨2700万元中央救灾应急资金，并向云南地震灾区紧急调拨1万顶救灾帐篷。,340390,
个人信息保护法草案已呈交至国务院,340391,
记者了解到，《个人信息保护法》草案日前已呈交至国务院，该草案规定了拥有个人信息的企业与团体应承担的法律责任，禁止任何团体在未经个人同意的前提下，将个人信息泄露给第三方，但犯罪与税收记录以及媒体调查除外。,340391,
中国决定开放朝鲜为公民组团出境旅游目的地,340392," (0,中国) (3,朝鲜)"
新华网北京9月2日电（记者 钱春弦）记者2日从国家旅游局获悉，中国政府决定开放朝鲜民主主义人民共和国为中国公民组团出境旅游目的地。,340392,
中国开放朝鲜为中国公民组团出境旅游目的地,340393," (0,中国) (2,朝鲜)"
中新网9月2日电 据国家旅游局网站消息，近日，国家旅游局副局长杜江率代表团对朝鲜进行访问，并同朝鲜国家观光总局副局长姜哲秀在平壤进行了工作会谈。会谈中，杜江代表中国国家旅游局正式通报朝方，中国政府决定开放朝鲜民主主义人民共和国为中国公民组团出境旅游目的地。,340393," (18,朝鲜) (31,平壤) (49,中国)"
中国熟制禽肉产品受阻六年后重返欧盟市场,340394," (0,中国)"
新华网济南9月2日电 题：“封关”受阻六年后中国熟制禽肉产品今起重返欧盟市场,340394,
中方高度评价福田康夫对中日关系贡献,340395,
中国日报网环球在线消息：外交部发言人姜瑜9月2日在例行记者会上就日本首相福田康夫9月1日辞职一事回答了记者的提问，对福田首相为中日关系做出的贡献给予高度评价。,340395,
台“国防政策”调整为不主动发动攻击,340396,
人民网9月2日电　据台湾《联合报》报道，台当局“国防”政策出现若干调整，“总统府”发言人王郁琦表示，“国防”政策调整为不主动发动攻击、不攻击非军事目标等两项政策指导，高层坦言，现阶段“国防”与“外交”维持相同思维，关键在于“两岸关系比过去八年还要优化”。,340396,
台当局将开放大陆客经金马“小三通”中转台湾,340397," (12,台湾)"
中国台湾网9月2日消息 据台湾媒体报道，为推动“小三通”正常化，台当局“陆委会”将开放大陆旅客可以经由金马“小三通”中转台湾，也将借由开放小额、小量的农渔产品免税进口、简化通关程序，引导金马地区的地下贸易全面合法化。整个开放方案，将在9月4日报台当局“行政院会”通过后实施。,340397,
台湾“友邦”巴拉圭不再支持台入联,340398," (0,台湾) (4,巴拉圭)"
中新网9月2日电 马英九上任以来的第一次涉外之旅就去了在南美洲的唯一“友邦”巴拉圭，不过巴拉圭似乎不是那么捧场，巴拉圭总统卢戈最近接受电视专访时表示，将改变支持台湾的立场，未来在联合国大会上，不会再投票支持台湾“加入联合国”。,340398," (17,南美洲) (23,巴拉圭) (46,台湾)"
台湾检方送传票将第3次传讯陈水扁(图),340399," (0,台湾)"
台“最高检”特侦组主任陈云南昨晚证实，特侦组为调查机要费案需要，将第三度传讯陈水扁，1日已派专人将传票送交对方。为查明机要费案资金流向与陈水扁家洗钱疑案的关联性，特侦组上周密集发函“国安局”、“外交部”等单位，也指示协助的“金管会”检查局人员全力清查陈家资金往来。,340399,
国家公务员局将推进公务员分类管理,340400,
新华网北京9月2日电(记者 谭浩)记者2日从国家公务员局了解到，相关部门正着手研究公务员分类管理办法，并将合理界定各类职位的范围，力图完善公务员的录用、晋升、交流、培训、工资、考核等各项管理环节。,340400,
外交部建议公民和团组视情调整赴泰国行程,340401," (8,泰国)"
中新网9月2日电 据中国外交部网站消息，近期泰国出现民众示威活动，示威人员威胁封锁机场，可能造成交通不便。外交部建议赴泰旅行的中国公民和团组视情调整有关行程。,340401," (11,泰国) (34,中国)"
外交部提醒在泰中国公民注意安全,340402,
新华社消息：中国外交部2日发布消息，提醒在泰国的中国公民注意安全。,340402," (12,泰国)"
杨洁篪将访问印度和斯里兰卡,340403," (3,印度) (5,斯里兰卡)"
中新网9月2日电 据中国外交部网站消息，外交部发言人姜瑜宣布：应印度共和国外交部长普拉纳布・慕克吉、斯里兰卡民主社会主义共和国外交部长罗希塔・波格拉加马邀请，杨洁篪外长将于9月7日至10日对上述两国进行正式访问。,340403," (16,印度) (22,斯里兰卡)"
温家宝：灾后重建工作修路最难,340404,
中新网9月2日电 据中央电视台《焦点访谈》报道，9月2日上午，在汶川地震过去110天，灾区大规模恢复重建工作即将展开之际，正在四川灾区考察的中共中央政治局常委、国务院总理、国务院抗震救灾总指挥部总指挥温家宝在汶川地震震中映秀镇居民安置点的空地上，举行了一场记者招待会。回答了几家国内记者的提问。,340404,
温家宝：要让学校成为最放心的地方,340405,
中新网9月2日电 据中央电视台《焦点访谈》报道，9月2日上午，在汶川地震过去110天，灾区大规模恢复重建工作即将展开之际，正在四川灾区考察的中共中央政治局常委、国务院总理、国务院抗震救灾总指挥部总指挥温家宝在汶川地震震中映秀镇居民安置点的空地上，举行了一场记者招待会，回答了几家国内记者的提问。,340405,
蔡英文当选民进党主席后首度启程前往美国,340406," (8,美国)"
中新网9月2日电 据台湾《中国时报》报道，民进党主席蔡英文今天将启程前往美国，进行为期半个月的“沟通之旅”。,340406,
邱毅爆料称陈水扁曾在洛杉矶购房(图),340407," (6,洛杉矶)"
中新网9月2日电 国民党“立委”邱毅昨天爆料，陈水扁一九九四年当选台北市长前就在美国洛杉矶拥有房产，当选后将这栋房屋闪电过户给吴淑珍的父母，并在两年后，过户给已满二十岁的女儿陈幸妤，涉嫌逃避公职人员财产申报。,340407," (20,美国) (21,洛杉矶)"
陈水扁家族洗钱案情报泄露 台检方称不影响侦办,340408,
中国台湾网9月2日消息 据台湾媒体报道，台前“调查局长”叶盛茂今天表示，台“调查局洗钱防制中心”两次收到陈水扁家族岛外资产情资，他曾面呈给当时的台湾地区领导人陈水扁。台检方特侦组洗钱疑案项目小组指出，检察官早在公务机要费案正式分案前，就已掌握陈水扁岛内外资金动向，叶盛茂所泄漏的情资仅是其中两部分，并非全貌，不会影响案件侦办。,340408,
中国使馆紧急提醒在泰中国公民注意安全,340409,
中新社曼谷九月三日电 (记者顾时宏)由于泰国政府已宣布在曼谷实施紧急状态，中国驻泰使馆三日紧急提醒在泰中国公民注意安全。,340409," (10,泰国) (15,曼谷) (20,中国)"
交通运输部修改道路旅客运输及客运站管理规定,340410,
中新网9月3日电 据交通运输部网站消息，近日，交通运输部决定对《道路旅客运输及客运站管理规定》作出修改，修改后的《道路旅客运输及客运站管理规定》重新发布。,340410,
全国矿产资源规划上报国务院,340411,
9月2日，记者从相关渠道获悉，由国土资源部负责的《全国矿产资源规划》(下简称《规划》)已通过专家论证并上报国务院待批。,340411,
公安部长：防止因执法不当处置不妥授人以柄,340412,
孟建柱在北京市公安局领导干部会上强调,340412,
台北法院就机要费案要求吴淑珍19日出庭,340413,
新华网消息 据台联合报报道，台北地方法院审理“机要费”案，发出传票要求吴淑珍19日上午9时30分出庭。“机要费”案审理至今，吴淑珍称病请假16次，如果她这次如期应讯，距离上次出庭已相隔643天。,340413,
台检方第四次传讯陈水扁说明机要费案,340414,
人民网9月3日电台特侦组侦办“机要费案”，今天再度以被告身份传唤陈水扁到案，说明“机要费”的支领状况。陈水扁于上午八时四十分离开位台北市信义路宝徕花园广场住处，九时三十分进入特侦组。面对媒体询问，陈水扁不愿回答任何问题。,340414,
台湾风力年发电9.36亿度供23万户家庭用电,340415," (0,台湾)"
中新社台北九月二日电 (记者陈立宇 曾福志)据台湾“经济部”能源局二日公布的最新数字，截至二00八年七月底，台湾风力发电累计装置容量为三十四点七万千瓦，年发电量约九点三六亿度，可供二十三万四千户平均每户用电四千度的家庭用电，能源贡献度为二十三点二万公秉油当量、可有效减少五十五点六万公吨的二氧化碳。,340415," (11,台湾)"
台特侦组因陈水扁背部不适提前结束传讯,340416,
中新网9月3日电 涉及洗钱弊案的陈水扁3日上午9点半准时抵达特侦组接受传讯，并于下午2点05分步出特侦组，结束今天的传讯。特侦组发言人陈云南表示，特侦组原本希望能够继续侦讯陈水扁，但因为陈水扁的背部不适而提前结束，有必要将再次传讯。,340416,
国家发改委协调四省电煤供应,340417,
本报讯 记者黄继妍报道：9月2日，国家发改委在南昌召开四省电煤供应保障协调会，对江西、湖北、湖南、安徽四省电煤调运供应进行重点协调。国家发改委副主任刘铁男、副省长洪礼和出席会议。,340417," (11,南昌) (21,江西) (23,湖北) (25,湖南) (27,安徽)"
国民党团拟提案冻结陈水扁部分卸任礼遇,340418,
中新网9月3日电 国民党中央政策会执行长林益世表示，基于社会观感与社会公义，陈水扁家庭涉嫌洗钱等弊案，司法已在调查，国民党团将在台“立法院”开议后，审查明年总预算案时提案冻结部分陈水扁卸任礼遇，待全案真相大白后始得动支。,340418,
国际残奥委主席补习中文 称开幕式值得期待,340419,
中新社北京九月二日电 题：“我在为残奥会开幕式补习中文”――访国际残奥委主席菲利普・克雷文,340419,
德国总统克勒将出席残奥会开幕式,340420," (0,德国)"
中新网9月3日电 综合报道，德国总统办公室消息，德国总统克勒将出席9月6日北京残奥会的开幕式。克勒的亚洲行2日开始，他还将访问哈萨克斯坦和蒙古。,340420," (7,德国) (26,亚洲) (36,哈萨克斯坦) (38,蒙古)"
我国首个环境监测预报卫星本周有望升空,340421,
我国计划建造最终由8颗卫星组成的环境与灾害监测预报小卫星星座,340421,
药监局分离药品受理审评审批三项职能,340422,
新华网北京9月3日电（记者刘奕湛）国家食品药品监督管理局新闻发言人颜江瑛3日在回答记者提问时表示，药监局对药品的受理、审评、审批三项职能的权力进行了分离，三个职能不会集中在一个部门。,340422,
药监局将增加食品卫生安全监管职责,340423,
中新社北京九月三日电 (记者 曾利明)国家食品药品监督管理局新闻发言人颜江瑛今天宣布：经国务院批准，该局将综合协调食品安全、组织查处食品安全重大事故职责划给国家卫生部；同时把卫生部负责的食品卫生许可，餐饮业等消费环节食品安全监管、保健食品、化妆品卫生监督管理的职责划入该局；目前交接工作已经开始。,340423,
质检总局被指通过监管码获利续企业律师遭约见,340424,
本报讯 (记者胡笑红)在两次约见防伪企业希望对方撤诉的要求遭拒后，国家质检总局昨天又开始约见防伪企业代理律师周泽。,340424,
陈水扁再度召开记者会就机要费案进行辩解,340425,
中新网9月3日电 身陷机要费与洗钱案风暴的陈水扁，今天上午再度被传讯后，下午随即召开记者会，强调称机要费是特别费的一种，并质疑马英九虽然特别费被起诉但仍脱身，因此对外“喊冤”。,340425,
陈水扁可能遭检察官申请羁押,340426,
中新网9月3日电 涉及洗钱弊案的陈水扁今天(3日)被特侦组传讯，虽然他在重重警力戒护下，一派轻松走进特侦组，因为检方怀疑陈水扁和叶盛茂与陈镇慧之间有串证之虞，不排除在今天侦讯完后，要声请羁押陈水扁。,340426,
陈水扁应讯结束迅速离开台特侦组,340427,
人民网快讯 今日午后约2时，陈水扁第3度“机要费”案应讯结束，过程长达4个小时，在律师及随扈陪同下，迅速离开特侦组，并未对外发表言论，直接驱车返回办公室。,340427,
香港12所高校录取1400名内地新生,340428," (0,香港)"
新华网香港9月2日电 (记者 吕诺) 被香港12所高校录取的约1400名内地新生近日陆续到校报到。各高校积极帮助内地新生适应崭新的学习生活，还为来自四川地震灾区的学生提供不同额度的奖学金，让他们安心完成学业。,340428,
香港选委会称投票结束前不可公布调查结果,340429,
中新网9月3日电 据香港特区政府网站消息，香港选举管理委员会劝吁传媒及其它机构，在投票结束前，不可公布票站调查结果，或具体评论、预测个别候选人或地方选区候选人名单的表现，以免影响选民的投票意向和选举结果。,340429," (5,香港)"
马英九称将会要求大陆签署和平协议,340430,
中新网9月3日电 马英九日前接受媒体专访时称，台当局要建立一个“小而美”的台军，这方面要维持防务预算不少于GDP百分之三，“但我们不会采取攻势的作为，战略上一定是采取守势。”,340430,
中国向索马里提供100万美元无偿援助,340431," (0,中国) (2,索马里)"
新华网内罗毕9月4日电(记者 赵卓昀)中国驻肯尼亚大使馆4日在内罗毕向索马里驻肯使馆移交了中国政府提供的100万美元无偿援助款以及一台发电机。,340431," (1,内罗毕) (9,中国) (11,肯尼亚) (18,索马里)"
中国工程院院长称正酝酿院士交费制,340432,
中新网9月4日电 中国工程院院长徐匡迪日前在接受凤凰卫视女主播吴小莉主持的《问答神州》节目专访时透露，正在酝酿院士交费，可能某个时期随着待遇提高也要交点费。,340432,
全国8月发生交通事故21150起5660人死亡,340433,
中新网9月4日电 据中国公安部网站消息，8月份，全国共发生道路交通事故21150起，造成5660人死亡、25418人受伤，直接财产损失0.83亿元。分别比去年同期下降24.4%、19.8%、24.7%和25.6%。发生一次死亡10人以上特大道路交通事故4起，同比增加1起。,340433,
卫生部查处32种不合格化妆品(附名单),340434,
中新网9月4日电 据卫生部网站消息，卫生部近日查处3种甲醇含量超标的发胶类化妆品、15种汞含量超标的宣称有祛斑或美白功能化妆品和14种产品标签标识说明书不合格的化妆品。,340434,
外交部及中国驻外使领馆收到19.19亿地震捐款,340435,
新华网北京9月4日电 四川汶川特大地震发生以来，国际社会向中国政府和人民表达真诚同情和慰问，并提供了各种形式的支持和援助。据外交部消息，截至8月27日，外交部及中国驻外使领馆、团共收到外国政府、团体和个人等捐资19.19亿元人民币。,340435,
外交部提醒中国公民谨慎前往巴基斯坦,340436," (6,巴基斯坦)"
中新网9月4日电 据外交部网站消息，近期，巴基斯坦安全形势较紧张，个别地区治安状况较差，不断发生涉外国公民的恶性案件。,340436," (11,巴基斯坦)"
我国建立105个避孕药具不良反应监测试点网,340437,
中新社北京九月四日电 (记者 曾利明) 记者今天从国家人口和计划生育委员会获悉：一个由一百零五个县级监测哨点组成，覆盖全国三十一个省、区、市的避孕药具不良反应监测试点网已经建立。通过该网络可监测避孕药具安全性和有效性，为育龄人群提供避孕方法知情选择，提高生殖健康水平提供技术保证。,340437,
我国目前正逐步形成大扶贫格局,340438,
新华网南昌9月4日电（记者郑悦）国务院扶贫办副主任王国良近日表示，我国目前已逐步形成了一个集行业政策、区域政策和社会政策于一体的“大扶贫”格局，加快了扶贫进程。,340438,
收费公路权益转让办法出台 累计收费禁超25年,340439,
本报讯(记者郭鲲)昨天，交通运输部联合国家发改委、财政部共同颁布《收费公路权益转让办法》。针对近年来一些地方出现的违规多次转让收费公路收费权，《办法》首次明确规定，一条收费公路的收费时间如果已经超过收费期限2/3，就不得转让其收费权，而经营性收费公路转让收费权后，累计收费期限不能超过25年。,340439,
教育部明确规定学生睡眠用眼时间,340440,
新华网北京9月4日电 (记者 刘奕湛、吴晶)教育部4日印发的《中小学学生近视眼防控工作方案》对中小学生的睡眠时间、用眼时间以及作业时间都作出明确规定，希望借此遏制青少年近视眼率居高不下的趋势。,340440,
海基会两岸共同打击犯罪将列入下一步两会协商,340441,
中新社台北九月四日电(记者 陈立宇 曾福志)台湾海峡交流基金会副董事长兼秘书长高孔廉四日在记者会上表示，两岸共同打击犯罪将列入第二次江、陈会协商内容，以建立两岸共同打击犯罪模式，海基会希望能尽速达成协议。,340441,
煤监局副局长赶赴辽宁阜新矿难事故现场,340442," (3,辽宁)"
新华网北京9月4日电(记者 杜宇)记者4日从国家安全监管总局获悉，辽宁阜新市清河区河西镇八矿井下发生瓦斯事故后，安全监管总局已派国家煤矿安监局副局长付建华和国家安全生产应急救援指挥中心人员赶赴事故现场，协助指导事故抢险救援等工作。,340442,
美国司法安全部门协查陈水扁家族在美资产,340443,
中新网9月4日电 针对陈水扁之子陈致中是否在美国弗吉尼亚大学附近购买住宅及其资金来源流向，台湾法务部门已经洽请美国司法部等部门协助调查，美国司法部除了本身的联邦调查局等单位外，也转请国土安全部协助。,340443,
金门海滩发现大批未爆炸弹 台军方将移除销毁,340444,
中新网9月4日电 金门南海岸尚义机场外海滩，今天发现有三十多颗未爆弹，台军人员到现场鉴定不具危险性，将予以移除销毁。,340444,
陈水扁洗钱范围横跨五大洲 总额逾10亿新台币,340445,
中新网9月4日电 扁家海外账户越扯越大，洗钱范围横跨五大洲13地，特侦组加紧脚步追查又有新发现，除了陈水扁儿媳妇黄睿靓在开曼岛美林银行户头的2100万美金之外，陈水扁夫人吴淑珍胞兄吴景茂在4年前也从泽西岛汇了1500万美金到模里西斯开设控股公司，光是这两笔汇款总额就高达新台币10亿元以上。,340445,
韩国要求台湾媒体取消南韩称呼,340446," (0,韩国) (2,台湾)"
中新网9月4日电 据台湾《联合报》报道，继要求媒体报导韩国新闻必须详加查证后，韩国驻台北代表部又有新招！上周韩国驻台北代表部主动发函台湾各大媒体要求正名，希望台湾媒体在处理韩国新闻时，以“韩国”取代“南韩”，以正视听。,340446,
香港今年68人服用壮阳药感到不适3人死亡,340447," (0,香港)"
中新网9月4日电 据香港明报报道，香港元朗一名中年男子3日凌晨怀疑服食壮阳药后，感到呕吐头晕，女友人代为报警，事主送院治理后无碍。,340447,
马英九呼吁陈水扁勇于面对司法,340448,
中新网9月4日电 陈水扁3日就机要费案召开记者会，大谈马英九担任市长时的特别费。马英九对此全程掌握，随即由发言人出面说明，要陈水扁勇于面对司法，不要旁生枝节。,340448,
马英九幕僚称两岸须先搁置争议 促进共识,340449,
中新网9月4日电 据台湾TVBS报道，马英九办公室今天表示，马英九与两岸有关的政见可以顺利完成，就是在于“搁置争议”。,340449,
假日办：国庆提前放假让工作休息时间更平均,340450,
国庆长假提前至9月29日，这一变化让一些市民感到不适应。那么今年的“十一”长假为什么要提前呢？时报记者昨日电话连线国家假日办有关负责人，该负责人表示，此举是为了让国家法定假日更显人性化，让“十一”前后周的工作与休息时间更为“平均”。,340450,
卫生部通报四家医院违反规定配置射波刀,340451,
中新网9月5日电 据卫生部网站消息，卫生部今日将天津市肿瘤医院、广西中医学院附属瑞康医院、复旦大学附属华山医院和山东鲁台医院装备使用射波刀违规情况通报如下：,340451,
港珠澳大桥总体方案结束模型试验评标,340452,
中新网9月5日电 据香港大公报报道，备受关注的港珠澳大桥又传佳音。记者4日从广东省交通厅获悉，大桥总体方案深化研究及工程物理模型试验评标工作结束，由中交公路规划设计院有限公司主办的四家单位联合体，以评标委员会推荐的候选人中标。,340452,
澳门16人食用生蚝后出现不适,340453," (0,澳门)"
中新网9月5日电 据新华澳报报道，继3日澳门卫生局公布有14名港澳人士在澳门酒店食用自助餐后出现不适，卫生局4日再接获报告，有16名澳门人在酒店食用自助餐出现不适。,340453,
知情人士称农民工养老保险办法年内出台,340454,
知情人士称，根据农民工流动性强和收入低的两大特点，将为农民工建立个人大账户，将其个人缴费和单位全部或绝大部分的缴费，都纳入这个账户，该账户可随农民工流动而在全国流动。,340454,
陈水扁结束应讯称检方要求侦讯内容保密,340455,
中新网9月5日电 陈水扁今天(5日)上午以证人身份到台北地检署应讯，经过短短1个多小时的侦讯后离开。陈水扁在北检门口向媒体表示，今天检察官有特别交代，所有的侦讯内容都列为机密，也要求今天所有在场的当事人、证人、律师都不得公开。,340455,
香港又有女童感染神秘病毒死亡成1个月内第4宗,340456," (0,香港)"
中新网9月5日电 据星岛日报报道，开学仅3天，香港再有女童被神秘病毒袭击夺命，是一个月内第4宗死亡个案。香港卫生防护中心4日公布，一名上月曾到访广东的6岁女童，开学不久因发烧、喉咙痛及呕吐到东区医院求诊，被诊断为上呼吸道感染，但取药离院后翌日即告病逝，中心正调查女童是否因传染病致死。,340456," (13,香港) (47,广东)"
香港将向55万学生发放共5.5亿港元津贴,340457," (0,香港)"
新华网香港9月5日电(记者 孙浩)香港特区政府5日宣布，将从10月起向所有在2008至2009学年已申请资助并符合资格的学生，发放一次性1000港元现金津贴，共涉资约5.5亿港元，约55万名学生受惠。,340457," (1,香港)"
香港残奥村两住客感染诺如病毒,340458," (0,香港)"
中新网9月5日电 据香港大公报报道，香港残奥村三名女住客出现屙呕病征，其中两人证实感染诺如病毒，分别入住韦尔斯医院和玛嘉烈医院接受治疗，现时情况稳定。卫生署卫生防护中心人员已到访残奥村，酒店也已根据卫生防护中心建议进行消毒。,340458," (5,香港)"
20位贵宾和50位体育部长将出席残奥开幕式,340459,
中新网9月6日电 在今天上午举行的北京奥组委和国际残奥委会举行的联合例行新闻发布会上，北京奥组委执行副主席兼秘书长王伟透露：大概有20位贵宾和50位体育部长将会出席北京残奥会开幕式。,340459," (45,北京)"
伊朗总统抵京出席北京残奥会开幕式,340460,
国际在线消息(记者蔡靖?)：6日上午，伊朗总统艾哈迈迪内贾德乘专机抵达北京首都国际机场，他将出席当晚举行的北京残奥会开幕式。,340460,
体育总局局长称将坚持举国体制 反驳劳民伤财说,340461,
举国体制是许多国家在一些重要工作、重大工程中普遍采取的一种行之有效、效率极高的办法,340461,
公安部授予援川沈阳特警集体一等功,340462,
晨报讯(记者 冯翔) 千里迢迢奔赴灾区，抓逃犯、搭帐篷、发现金、疏导交通……他们，黑了瘦了。,340462,
农业部：局部可能发生重大动物疫情,340463,
据新华社电 当前正值禽流感等重大动物疫病高发季节，农业部副部长高鸿宾5日要求，各级畜牧兽医部门切实采取有效措施，做好秋季重大动物疫病防控工作，力争不发生高致病性禽流感等重大动物疫情。,340463,
北京残奥会今晚8点开幕,340464,
中新网9月6日电 残疾人的体育盛会北京残奥会将于当地时间6日晚8点在“鸟巢”隆重开幕，以此展开为期12天的激烈争夺。共同社消息，在开幕式上，担任日本代表团旗手的是田径选手铃木彻。,340464,
北京残奥火炬接力结束 今晚点燃主火炬,340465," (0,北京)"
中新网9月6日电 今天上午10时37分左右，随着最后一棒火炬手、原中国残联理事兼宣文部主任赵济华手持祥云火炬点燃圣火盆，北京残奥会圣火朝阳公园传递落下帷幕。之后，圣火护卫直接将火种送至国家体育场鸟巢，待开幕式时适时点燃残奥主火炬。,340465,
台前调查局长与陈水扁当庭对质(组图),340466,
中新网9月6日电 台湾当局前“调查局长”叶盛茂涉嫌隐匿陈水扁家庭海外洗钱公文案，台北检方五日上午先后传讯叶盛茂、陈水扁，并让两人当庭对质。两人依然对叶盛茂是否有交付给陈水扁有关扁家海外洗钱案情资公文各说各话。,340466,
台北大学制定杰出校友除名规定针对吴淑珍,340467,
台海网9月6日讯 陈水扁家庭岛外洗钱疑案，影响到台湾高等教育界。继台湾大学校长李嗣涔为陈水扁父子涉及洗钱案道歉后，台北大学更首开岛内大学先例，增订“杰出校友除名”规定。陈水扁夫人吴淑珍、原陈水扁当局“调查局长”叶盛茂都曾获台北大学的杰出校友称号，如今他们涉及重大司法案件，校方和校友总会开会决议，明订如果法院判决有重大违法行为、影响校誉，经“杰出校友遴选委员会”同意之后，将予以除名。,340467," (13,台湾)"
台湾将大陆游客赴台时限延长至15天,340468," (0,台湾)"
台海网9月6日讯 台湾“行政院”“陆委会”昨日邀集旅行业者先行沟通，决议将大陆游客团赴台10天上限延长为15天，以及开放两岸同步申办大陆游客赴台证件。,340468,
回良玉致信祝贺环境灾害卫星A、B发射成功,340469,
新华网北京9月6日电 2008年9月6日11时25分，我国在太原卫星发射中心用“长征二号丙”运载火箭，成功将环境与灾害监测预报小卫星星座A、B星送入太空，约51分钟后，卫星准确进入轨道。中共中央政治局委员、国务院副总理、国家减灾委员会主任回良玉致信祝贺，向各参研、参试单位和广大科技工作者、干部职工表示衷心的感谢和崇高的敬意。,340469,
我国一箭双星成功发射环境减灾A、B卫星(图),340470,
中新网太原9月6日电 (记者 孙自法) 北京时间六日上午十一时二十五分，中国在太原卫星发射中心用“长征二号丙”运载火箭，以一箭双星方式将“环境与灾害监测预报小卫星”(简称“环境减灾”)A、B卫星成功送入太空。,340470,
李源潮：干部要敬畏历史敬畏百姓敬畏人生,340471,
新华网延安9月5日电 9月5日，中国浦东、井冈山、延安干部学院举行2008年秋季开学典礼，中央组织部部长李源潮在讲话中说，当干部要有敬畏之心，一要敬畏历史，使自己的工作能经得起实践和历史的检验；二要敬畏百姓，让自己做的事情对得起养育我们的人民；三要敬畏人生，将来回首往事的时候不会感到后悔。,340471,
民进党称14日前约陈水扁说明海外账户事件,340472,
中新网9月6日电 据“中央社”报道，陈水扁被控海外洗钱疑案，民进党中央党部廉政委员会主任委员张天钦今天表示，预计九月十四日前约询陈水扁说明海外设立账户一事，九月十一日将开会讨论民进党台北市党部移送前“第一家庭”成员吴淑珍、陈致中、黄睿靓三人停权案的后续处理事宜。,340472," (47,台北市)"
胡锦涛会见伊朗总统内贾德(图),340473,
中新网北京九月六日电 (记者 孙宇挺) 中国国家主席胡锦涛六日在北京会见了伊朗总统艾哈迈迪-内贾德。,340473,
胡锦涛会见伊朗总统内贾德,340474,
新华网北京9月6日电 (记者钱彤、李诗佳)国家主席胡锦涛6日在人民大会堂会见前来出席北京残奥会开幕式的伊朗总统内贾德。,340474,
胡锦涛会见出席北京残奥会开幕式的内贾德,340475," (3,北京)"
中广网北京9月6日消息 (记者赵雪花) 国家主席胡锦涛今天(6日)下午1点30分在人民大会堂会见了前来出席北京残奥会开幕式的伊朗总统内贾德。,340475,
胡锦涛设宴欢迎出席北京残奥会贵宾,340476,
我国将出台规定加强短信广告服务管理,340477,
新华网北京9月7日电 (记者刘菊花)针对手机垃圾短信息广告扰民问题，中国工业和信息化部、国家工商行政管理总局将出台并组织实施“现阶段加强短信息广告服务管理的规定”。,340477,
斯洛伐克10米气步枪选手夺冠成残奥会首金,340478,
中新网9月7日电 在刚刚结束的北京残奥会R2女子10米气步枪立射-SH1决赛中，斯洛伐克选手韦罗妮卡・瓦多维乔娃以494.8环的总成绩摘得北京残奥会首枚金牌。,340478,
本月两岸周末包机将达144架次,340479,
本报讯（通讯员 木忠诚 记者 江跃中）随着两岸周末包机的逐渐成熟，包机的数量和密度都在不断增加。记者昨天从浦东边检站获悉，由于今年中秋节9月14日恰逢星期日，两岸中秋包机将直接纳入两岸周末包机体系，9月份两岸周末包机总数将达到144架次。,340479,
残奥会开赛首日中国军团收获13枚奖牌3枚金牌,340480,
中新社北京九月七日电 (记者 王祖敏)北京残奥会开赛首日，中国代表团以三枚金牌数暂列金牌榜第三位，但其十三枚奖牌却高居奖牌榜首位。,340480,
温家宝会见韩国总理韩升洙(图),340481,
中广网北京9月7日消息 国务院总理温家宝今天9月7日在中南海紫光阁会见来华出席北京残奥会开幕式的韩国总理韩升洙。,340481,
萨摩亚独立国成为我国公民自费旅游目的国,340482,
新华网北京9月7日电 (记者钱春弦)国家旅游局局长邵琪伟7日与萨摩亚独立国副总理米萨・特莱福尼・雷茨拉夫签署了《关于中国旅游团队赴萨摩亚独立国旅游实施方案的谅解备忘录》，这标志着萨摩亚成为中国公民自费旅游目的国。,340482,
香港举行第四届立法会选举 曾荫权呼吁踊跃投票,340483," (0,香港)"
中新社香港九月七日电 (记者 晓萍) 香港特区第四届立法会选举今日在此间举行。特区行政长官曾荫权和夫人曾鲍笑薇上午到港岛半山罗便臣道一个投票站投票，并呼吁选民踊跃投票，选出心目中的理想代表，共同建设经济蓬勃及和谐的香港。,340483," (1,香港)"
中编办：个别部委领导超员属过渡情况,340484,
对于一些国务院下辖部委在领导职数上超员的问题，中央机构编制委员会办公室(下称“中编办”)相关负责人日前表示，对个别因机构整合等原因超职数配备的，允许作为特殊情况在一定时间内过渡。,340484,
习近平会见北京残奥会美国总统代表团团长,340485,
中新社北京九月八日电 (记者 张朔)中国国家副主席习近平八日在北京钓鱼台国宾馆会见美国总统代表团团长、退伍军人事务部长皮克。习近平表示，双方应把一个健康稳定和更富活力的中美关系带向未来。,340485,
传台当局首度制定整体战略 两岸和解为一大主轴,340486,
中新网9月8日电 据台湾《联合报》报道，消息人士透露，台当局“国安会”正秘密研拟整体战略，把确保台湾生存发展的基本原则形诸文字。这是台当局首度制定这一战略，内容包含台湾、两岸与国际等方面，这份战略将指导台湾未来十数年的走向。,340486," (5,台湾)"
刑法修正案解读：工作人员配偶子女受贿可定罪,340487,
社会生活中常有这样的现象，有些国家工作人员的配偶、子女等近亲属以及其他与该国家工作人员关系密切的人，通过该国家工作人员职务上的便利，索取或者收受财物。此外，一些已离职的国家工作人员，通过其他国家工作人员的职务行为为请托人谋取不正当利益，自己从中索取或者收受财物。刑法修正案(七)草案提出以上行为可定罪。,340487,
商务部长：中国明年将成亚洲最大消费市场,340488," (3,中国) (7,亚洲)"
新华网厦门9月8日电 (记者来建强)8日，中国商务部部长陈德铭在此间举行的中日投资促进机构第15次联席会上透露，到2009年，中国将成为亚洲最大的消费市场，文化娱乐、住宅、旅游等占国内消费的比重将越来越大。,340488,
外交部就核供应国解除对印核出口限制答问,340489,
外交部发言人姜瑜就核供应国集团解除对印核出口限制答记者问,340489,
武汉市纪委累计为387名受诬告者澄清问题,340490,
本报武汉9月7日电（记者雷宇）“我们决不放过一个腐败分子，也不能让好人受冤枉。”武汉市纪委日前通报，去年以来，该市纪委在加大反腐力度的同时，也为387名受到诬告错告的同志澄清了问题。,340490," (2,武汉)"
温家宝到水立方观看残奥会比赛,340491,
中新社北京九月八日电(记者 高凯)被外界认定有望成为残奥会“菲尔普斯”的中国选手王晓福在首日失利后，今晚终于迎来自己在“水立方”的首金，而国务院总理温家宝更是面带轻松而亲切的微笑亲至梦幻场馆观战。,340491,
澳门141人因食用问题生蚝中毒,340492," (0,澳门)"
新华网澳门9月8日电 (记者张家伟)澳门特区政府卫生局疾病预防及控制中心8日表示，目前累计有141人在本地自助餐厅进食后出现食物中毒症状，其中大部分与进食“问题生蚝”有关。,340492," (1,澳门)"
王岐山：中国政府有能力控制物价过快上涨,340493,
新华网厦门9月8日电 (记者沈汝发　胡苏)中国国务院副总理王岐山8日在厦门指出，今年以来，中国经济发展遭受了严峻的挑战与考验，中国政府及时采取了一系列应对措施，使国民经济朝宏观经济调控的预期发展。,340493," (1,厦门) (23,中国)"
谢长廷姑妈到福建东山岛寻根认祖(图),340494," (3,福建) (4,东山岛)"
台海网9月8日讯 (通讯员 谢汉杰) 继上个月谢长廷托好友到福建东山考证祖籍地之后，9月5日，谢长廷的姑妈谢美珍与丈夫吴日兴等一行，在福建省台办、漳州市台办等有关部门负责人的陪同下，专程赶到东山岛康美镇铜钵村寻根认祖，成为台湾谢长廷家族第一位返回故乡认祖、拜祖的代表。,340494,
贾庆林出席朝鲜建国60周年庆祝宴会,340495," (2,朝鲜)"
新华网北京9月8日电 (记者徐松)中共中央政治局常委、全国政协主席贾庆林8日晚出席朝鲜驻华大使崔镇洙举行的朝鲜建国60周年庆祝宴会并发表讲话。,340495,
陈水扁叶盛茂说辞各异 检方可能对二人测谎,340496,
中新网9月8 日电 由于陈水扁和台当局前“调查局长”叶盛茂针对陈水扁家庭洗钱情资公文隐匿案，双方始终各说各话，使得案情难以厘清。因此，负责侦办此案的台北地检署表示不排除对两人进行测谎。,340496,
陈水扁承认南线专案项目造假,340497,
中新网9月8日电 台湾检方特侦组追查陈水扁家庭洗钱疑案，目前针对人头账户资金流向进行比对，并持续约谈相关证人；而在机要费案方面，3日陈水扁接受约谈时，已承认“南线专案项目”是造假。,340497,
香港立法会选举投票结束 产生60名议员,340498,
新华网快讯：香港特区选举管理委员会8日上午8时50分许宣布，香港特区第四届立法会选举投票结束，60名立法会议员全部产生。,340498," (16,香港)"
香港立法会选举结果揭晓 地方选区30人当选,340499,
人民网9月8日电 据香港《文汇报》报道，2008年香港立法会选举昨天举行。根据已公布的选举计票结果，地方选区中当选的情况为：,340499," (5,香港)"
香港第4届立法会60名议员名单,340500," (0,香港)"
中新网9月8日电 香港特区第四届立法会选举结果已于今天早晨揭晓，地方选区30名议员和功能界别30名议员全部选出。香港特别行政区第四届立法会已经顺利组成。名单如下：,340500," (31,香港)"
香港第四届立法会选举产生60名议员,340501,
新华网香港9月8日电(记者 陈思武)香港特别行政区第四届立法会选举的投票结果8日上午8时50分许正式揭晓，60名候选人成功当选新一届立法会议员。新一届立法会将从今年10月1日起的4年任期内行使香港基本法赋予的职权。,340501," (1,香港)"
中德两国国防部长举行会谈,340502,
新华网柏林9月8日电 (记者时翔 王?) 中国国务委员兼国防部长梁光烈8日在柏林与德国国防部长弗朗茨・约瑟夫・容举行会谈。,340502,
印度重申不允许在印藏人利用印领土反华,340503," (0,印度)"
新华网新德里9月8日电 (记者 周?) 印度总理辛格8日在新德里会见了中国外交部长杨洁篪。,340503,
台当局将讨论开放大陆人才入岛就业议题,340504,
中新网9月9日电 台湾当局“国科会”8日召开跨“部会”会议，通过将延揽大陆科技与产业人才列入明年1月召开的第八次全台科技会议议题。在两岸科技与产业人才流通严重失衡之下，“国科会”副主委陈正宏坦承，届时将针对承认大陆学历及开放人陆人士来台就业等敏感议题进行实质讨论。,340504,
台当局计划今年双十节庆不搞阅兵式,340505,
中新网9月9日电 今年台湾“双十节庆”是国民党重新主政后的头一次庆祝。节庆筹备会昨天敲定今年的庆祝大会不会有阅兵仪式，也可能不会出现马英九带领民众高喊口号的场面。,340505," (5,台湾)"
台湾医院电梯从22楼坠落21人受伤(图),340506," (0,台湾)"
人民网9月9日电 据台湾《苹果日报》报道，台湾中国医药大学附设医院医疗大楼昨发生电梯失速坠落意外，二十一名医师搭乘的电梯自二十楼坠落至地下四楼(医院无四楼，约一百二十公尺高)，造成两名医师腿部骨折，十九名医师轻伤。一名受伤医师表示，落地过程约十秒，感觉像“自由落体”；院方表示，经初步调查排除缆绳断裂造成，但确切原因仍待进一步调查。,340506,
台湾宜兰外海发生6.1级地震,340507," (0,台湾)"
中新网9月9日电 据台湾“气象局”表示，台湾地区今天下午15时43分发生里氏6.1级地震，震中位于宜兰苏澳地震站以东85.8公里处，地震波穿越了台湾岛中央山脉，目前尚无灾情传出。,340507,
国土部：09年起非农建设占用耕地实行先补后占,340508,
中新网9月9日电 据国土资源部网站消息，国土资源部今日发布关于进一步加强土地整理复垦开发工作的通知指出，从2009年起，除国家重大工程可以暂缓外，非农建设占用耕地全面实行“先补后占”。因自然灾害损毁的耕地，一般要在一年内恢复利用，保证耕地总量不减少。,340508,
国家核电董事长称三代核电站选址内陆不动摇,340509,
据新华社电 针对社会广泛关注的内陆核电发展问题，国家核电技术公司负责人在接受新华社记者采访时明确表示：“国家核电”将坚持既定目标不动摇，把建成内陆核电站作为真正消化吸收三代核电AP1000技术的标志之一。,340509,
巴基斯坦新总统扎尔达里将于17日访华,340510,
本报驻巴基斯坦特约记者 林湘萌,340510,
张德江会见德国总理默克尔,340511,
新华网柏林9月8日电 (记者胡小兵 吴黎明) 中国国务院副总理张德江8日在柏林会见了德国总理默克尔。,340511,
施明德到马英九办公室要求谈反贪腐议题,340512,
中新网9月9日电 前民进党主席施明德9日计划与马英九会面谈反贪腐议题，在未获回应后，与倒扁总部骨干范可钦等人步行前往并进入了马英九办公室；马英九办公室由秘书长詹春柏出面接待。,340512,
杨洁篪就中印关系演讲 提出推动双边关系五建议,340513,
中新网9月9日电 据中国外交部网站消息，9月9日，中国外交部长杨洁篪在新德里印度世界事务委员会和印度中国问题研究所共同举办的演讲会上就中印关系发表了题为“和平友好、互利合作、共同发展”的演讲。以下是全文：,340513,
杨洁篪：中印两国是合作伙伴不是竞争对手,340514,
中新网9月9日电 据中国外交部网站消息，9月9日，中国外交部长杨洁篪在新德里印度世界事务委员会和印度中国问题研究所共同举办的演讲会上就中印关系发表了题为“和平友好、互利合作、共同发展”的演讲。,340514,
温家宝邀请8位教师到中南海作客,340515," (6,中南海)"
中广网北京9月9日消息 (记者张华杰)教师节即将来临之际，国务院总理温家宝今天(9月9日)邀请来自不同领域的8位教师到中南海作客。,340515," (1,北京) (31,中南海)"
贾庆林会见罗马尼亚前总统,340516,
新华网北京9月9日电 (记者熊争艳)全国政协主席贾庆林9日在人民大会堂会见了应中国人民外交学会邀请来华访问的罗马尼亚前总统、社民党名誉主席伊利埃斯库。,340516,
陈水扁家族在新加坡密帐月底将曝光,340517," (3,新加坡)"
人民网9月9日电 陈水扁家族在新加坡的密帐，月底就将解密曝光。新加坡检方已经代台湾正式向法院提出声请，清查扁家帐户的资金来源。,340517," (7,新加坡) (21,台湾)"
陈水扁被控诽谤案一审宣判无罪,340518,
中新网9月9日电 前台湾海军中将雷学明控告陈水扁诽谤一案，台北法院今天(9日)上午做出一审宣判，包括陈水扁和“立委”徐国勇、赖清德等被告都获判无罪。雷学明对此判决不服，表示要上诉到底。,340518,
香港外汇储备达1581亿美元居全球第9位,340519," (0,香港)"
中新网9月9日电 据香港大公报报道，香港金融管理局8日公布，8月底官方外汇储备资产共1581亿美元，较7月底多4亿美元，外汇储备额在全球排行第九位。,340519," (5,香港)"
习近平会见瑞典王储维多利亚公主,340520," (2,瑞典)"
国际在线消息(记者 蔡靖?)：中国国家副主席习近平10日在北京会见了前来观看北京残奥会比赛的瑞典王储维多利亚公主。,340520," (9,中国) (15,北京) (24,瑞典)"
全国政协与电监会将联合摸底长江水电布局,340521," (7,长江)"
9月9日，全国政协委员会人口资源环境委员会副主任、原国家电监会副主席邵秉仁在“中国环境产业国际投融资论坛”上透露，全国政协常委会将开展一项针对长江上游水电站建设情况的调研，调研结果将上报国务院，供决策部门参考。,340521," (37,长江)"
台当局安全系统称两岸情势稳定动武可能性不大,340522," (4,两) (5,岸)"
中新网9月10日电 据台湾《联合晚报》报道，台湾当局“国安”系统对情资进行分析认为，目前两岸情势稳定，动武可能性不大。,340522," (5,台湾) (25,两) (26,岸)"
台湾319枪击案凶手妻女要求重启调查,340523," (0,台湾)"
中新网9月10日电 3?19枪击案已结案，项目小组认定的凶手陈义雄的妻女10日在台南市召开记者会，哭诉台湾新当局应重启调查，还陈义雄一个公道及清白。,340523," (25,台湾)"
台湾媒体称陈水扁全家计划迁离台湾,340524," (0,台湾)"
环球时报驻台北特约撰稿人周先报道：“扁密账”的雪球越滚越大，台湾东森新闻10日报道，陈水扁家人早在今年初就有计划要举家迁离台湾，其中陈水扁女儿陈幸妤更是为了赴美做足准备，不但积极补习准备考托福，更让3个儿子提早开始适应英语生活。,340524," (38,台湾) (48,美)"
商务部拟推新规引导外企履行社会责任,340525,
《外商投资企业履行企业社会责任指引(草案)》(下称《指引》)9日在厦门向部分跨国企业、研究机构和学者公布。《指引》为外企在中国履行社会责任设立了底线标准，包括但不限于26项中国法律法规和19项国际公约。,340525," (23,厦门) (41,中国)"
国台办818名台湾居民通过司考资格审查(实录),340526,
9月10日上午十时，国台办举行例行新闻发布会。新闻发言人李维一回答了记者提问。以下为发布会实录。,340526,
国台办两岸关系前景比以往任何时候都光明,340527,
中新网9月10日电 在10日国台办例行记者会上，新闻发言人李维一就两岸关系今后发展问题指出，当前两岸交流合作正处在一个新的历史起点上，两岸关系发展的前景也比以往任何时候都更为光明。,340527," (38,两) (39,岸)"
国台办希望尽快恢复央视4台在台湾播出,340528," (8,台湾)"
中新网9月10日电 国台办新闻发言人李维一今日指出，大陆一贯对促进两岸新闻交流持积极的立场，并希望两岸有关方面本着互利互惠的精神，尽快恢复中央电视台4频道在台湾有线电视播出。,340528," (44,台湾)"
国台办称将遵循一中原则处理台湾反洗钱案,340529," (8,台湾)"
中新网9月10日电 国台办新闻发言人李维一10日就台当局前领导人洗钱案以及大陆是否提供协助台方调查一事指出，大陆高度重视反洗钱案，会在“一个中国”原则的基础上处理相关问题。,340529," (39,中国)"
国台办：818名台湾居民将参加国家司法考试,340530," (4,台湾)"
中新网9月10日电 国台办新闻发言人李维一10日指出，统计显示，共有818名台湾居民通过了资格审核参加国家司法考试。,340530,
安委会学校组织学生集体出行须报教育部门审批,340531,
新华网北京9月10日电（向青 杜宇）据中国国家安委会办公室介绍，今后凡学校组织开展的学生集体出行活动，必须报上级教育行政部门审批。,340531," (1,北京)"
审计署：审计涵盖救灾款物接收和发放渠道,340532,
新华网北京9月10日专电 9月10日15时，审计署副审计长余效明接受中国政府网专访，就“加强救灾款物发放审计，提高救灾款物使用效率”与网友在线交流。,340532," (1,北京) (14,中国)"
温家宝主持审议医改方案 再次公开征求意见,340533,
新华网北京9月10日电 国务院总理温家宝10日主持召开国务院常务会议，审议《关于深化医药卫生体制改革的意见》，决定再次向社会公开征求意见。,340533," (1,北京)"
绿营讥讽马英九心中只有大陆,340534,
环球时报驻台北特约撰稿人韦博报道，今年台湾“双十国庆”是国民党重新上台后的头一个“国庆”日，不少蓝营“立委”认为应该要马英九带领民众高喊“中华民国万岁”的口号，台湾《中国时报》9日消息称，国民党“立委”林郁方表示，泛蓝支持者对于这次“国庆”是有期待的，希望筹备单位再与马英九讨论恢复“中华民国万岁”的口号。,340534," (10,台湾)"
范徐丽泰称香港立法会新时代已来临,340535," (3,香港)"
中新网9月10日电 据香港大公报报道，香港立法会选举尘埃落定，新一届立法会将在10月1日诞生。仍未卸任的立法会主席范徐丽泰表示，选举结果出乎意料，但相信随着众多资深议员的离任，以及多达17名新人的当选，立法会“新时代”已经来临，旧有的议会文化也将发生剧变。,340535," (5,香港)"
8月全国共报告82起突发公共卫生事件34人死亡,340536,
中新网9月11日电 据卫生部网站消息，卫生部今日公布了8月全国突发公共卫生事件信息。 8月，卫生部共收到全国(未含港澳台)22个省(自治区、直辖市)通过突发公共卫生事件报告管理信息系统报告突发公共卫生事件82起，报告病例1551人，死亡34人。,340536,
中央财政明确六大政策扶持中小企业发展,340537,
新华网北京9月11日电（记者韩洁 罗沙）中国财政部11日表示，为帮助解决中小企业发展中面临的困难和问题，中央财政今年以来明确了六大政策，安排中小企业专项资金35．1亿元，有力支持中小企业健康发展。,340537," (1,北京)"
人保部：汶川地震后四川有将近80万人失业,340538," (5,四川)"
随着抗震救灾工作进入灾后恢复重建阶段，灾区就业工作越来越受到网友关注。为介绍我国为推进实施地震灾区就业援助行动采取的政策措施及取得的成效，2008年9月11日15时，人力资源社会保障部副部长张小建接受中国政府网专访，就“推行就业援助政策，促进灾区就业工作”与网友在线交流。,340538," (54,中国)"
人保部：汶川大地震后四川有将近80万人失业,340539," (5,四川)"
中新网9月11日电 人力资源和社会保障部副部长张小建今日表示，汶川大地震发生后，四川受灾最严重，将近80万人失业。,340539," (20,四川)"
农业部紧急部署防御台风森拉克,340540,
新华网北京9月11日电（记者董峻）当前正值农业和渔业生产的关键时期，今年第13号强台风“森拉克”带来的大风和强降雨可能给农（渔）业生产造成严重影响和危害。中国农业部11日发出紧急通知，要求苏、浙、皖、闽等地农业部门确保广大农（渔）民生命财产安全，最大限度地降低灾害损失。,340540," (1,北京) (46,中国)"
台湾新党主席郁慕明因被曝在上海有豪宅辞职,340541," (6,上海)"
环球时报驻台北特约撰稿人韦博报道，被媒体指在上海拥有两处豪宅的新党主席郁慕明，10日下午亲自出面澄清。他说，两处豪宅是自己的资产，是贷款购买。他又说，他作为上海的望族后代，有责任重振门风。他表示，他暂时辞去去党主席职务，等候党内调查。,340541," (12,上海)"
商务部要求外资企业推行社会责任,340542,
新华网厦门9月11日电（记者来建强 姬少亭）在于厦门举行的第12届中国国际投洽会期间，中国商务部以征求意见的形式发布了《外资投资企业履行社会责任指导性意见》（简称《指导意见》）。这意味着，中国要求外资企业推行社会责任有望进入法规层面。,340542," (1,厦门) (52,中国)"
国资委追究央企资产损失责任 实施细则正在起草,340543,
本报记者从国务院国资委处获悉，近日国资委发布了《中央企业资产损失责任追究暂行办法》(以下简称《暂行办法》)，目的是完善中央企业资产管理责任制度，规范企业资产损失责任追究行为，有效落实国有资产经营责任。,340543,
央行围堵840亿元地下钱庄实录,340544,
“自去年9月开展打击地下钱庄专项行动至今年8月，央行会同公关机关及外管局共破获40余起地下钱庄案件，涉案金额840亿。”央行反洗钱局局长唐旭9月9日接受本报记者采访时表示。,340544,
张德江：中欧全面战略伙伴关系日趋成熟,340545," (2,中欧)"
新华网德国汉堡9月10日电 中国国务院副总理张德江10日出席在德国汉堡举行的中欧论坛第三次会议开幕式并发表主旨演讲。,340545," (1,德国) (2,汉堡)"
据称许惠佑将出任台“驻俄罗斯代表”,340546," (7,俄罗斯)"
人民网9月11日电 消息人士指出，马英九将任命台前“国安局长”许惠佑出任“驻俄罗斯代表”；马当局已于一个月前当面告知许惠佑此讯息，近来关于许惠佑与陈水扁、前“调查局长”叶盛茂的传闻，并未改变马英九初衷。,340546," (20,俄罗斯)"
李肇星称重庆建设森林城市符合时代潮流,340547,
中广网重庆9月11日消息 (记者刘湛) 重庆海外联谊会二届一次理事大会和海联2008财富(重庆)峰会昨天在重庆举行，200余名政商界精英云集山城。原外交部部长、全国人大外事委员会主任委员李肇星出席大会并发言。,340547," (1,重庆)"
民政部成立社会福利和慈善事业促进司,340548,
新华网北京9月11日电（记者李菲）日前，以福利彩票、慈善和社会捐助、老年人和残疾人福利以及儿童福利四方面工作为主要业务的民政部社会福利和慈善事业促进司正式成立，原民政部救灾救济司司长王振耀出任该司司长。,340548," (1,北京)"
胡锦涛在河南看望学校师生 为学生擦汗(图),340549," (2,河南)"
新华网郑州9月10日电（新华社记者 孙承斌）第24个教师节来临之际，正在河南考察工作的中共中央总书记、国家主席、中央军委主席胡锦涛，在河南省委书记徐光春和代省长郭庚茂等陪同下，专程来到一所特殊教育学校和一所农村中学看望师生。胡锦涛代表党中央，向全国广大教师致以节日的问候和崇高的敬意。,340549," (1,郑州) (17,河南)"
马英九视察东沙 令台军备战增两岸谈判筹码,340550," (2,东沙)"
人民网9月11日电 马英九10日前往屏东大汉山雷达站和东沙岛慰劳驻军。马英九向台军官兵讲话时声称，新当局推动优化两岸关系，但绝不会在“国防”建军备战上有任何松懈；“这样和对岸如果有一天要协商和平协议时，才有足够的筹码；如果‘国军’不堪一击，这种协商是没有用的，等于是投降”。,340550," (12,东沙)"
马英九重申从未放弃633施政目标,340551,
中新网9月11日电 马英九今天表示，尽管经济情况不好，但有关培元固本、使经济体质变好的工作，例如松绑、解禁，尽量自由化，让企业有更自由的环境可以经营，一定要推动。他进行信心喊话，重申“六三三”政见目标“原来预定在什么时候完成，我们还会继续努力朝这个目标。”,340551,
383人符合2008央企高管招聘条件,340552,
新华网北京9月12日电 据中央组织部、国务院国资委公开招聘工作领导小组办公室有关人士介绍，为期30天的中组部、国资委2008年公开招聘16名中央企业高级经营管理者报名工作近日已圆满结束。此次招聘共2745人报名应聘，应聘人数比2007年增加了一倍多，应聘人员数量、质量实现了新突破。,340552," (1,北京)"
TVBS电视台在陈水扁任内曾三次面临关台危机,340553,
人民网9月12日电 陈水扁11日回到故乡台南县“取暖”，或许是乡亲的热情让陈水扁过于感动，在接受电台专访时脱口而出表示，自己非常遗憾当年没有把TVBS关掉。陈水扁这句话恐怕是肺腑之言，因为在他8年任内，TVBS就面临三次关台危机，如今扁家涉入洗钱丑闻，几乎每天都面临T台名嘴和新闻的双重批判，他当然会觉得非常可惜。,340553," (8,台南县)"
中共九常委与残奥贵宾一同欣赏残疾人演出(图),340554,
中新社北京九月十一日电 (记者 齐彬)看不见乐谱的盲人演奏绝妙的音乐；听不见节拍的聋人随着音乐翩翩起舞；行动不便的肢残人做出撼人肺腑的艺术造型……,340554,
中国气象局就超强台风森拉克启动Ⅲ级响应,340555,
中新社北京九月十二日电(记者 阮煜琳)今年西北太平洋的第一个超强台风“森拉克”来势汹汹，目前正加快脚步向台湾省东部沿海迫近，并于明天下午到后天凌晨登陆或擦过台湾，逐渐向浙闽沿海靠近。由于恰逢天文大潮期和移动路径复杂，中央气象台正密切关注行踪莫测的“森拉克”走向。中国气象局今天上午宣布立即启动台风Ⅲ级应急响应。【点击查询72小时天气情况】,340555,"(27,台湾省) (42,台湾)"
人力资源保障部：缴费型社保将成社保核心制度,340556,
本报讯 (记者赵鹏)昨天，人力资源保障部网站透露，胡晓义副部长在“新型农村社会养老保险制度建设研讨会”上表示，我国将把缴费型的社会保险作为社保体系的核心制度，而不能建立“从摇篮到坟墓”的高福利制度。,340556,
卫生部要求做好患肾结石婴儿治疗工作,340557,
各省、自治区、直辖市卫生厅局，新疆生产建设兵团卫生局：,340557,
台湾旅游业者拟组团到大陆促销,340558,
中新网9月12日电 台湾“观光局”表示，有鉴于到台的大陆观光客人数不如预期，将从十月份起前往大陆举办说明会，强力促销，并且利用十一月份台北两岸旅展的机会，邀请大陆33家组团社再度到台，重新包装五到七天的旅游产品，降低价格，争取更多大陆客到台。,340558,
国务院修改发布外商投资电信企业管理规定,340559,
新华社北京9月12日电,340559,
国务院出台促进宁夏经济社会发展31条意见,340560,
中新网9月12日电 据中国政府网消息，国务院日前出台关于进一步促进宁夏经济社会发展的若干意见。意见提出了促进宁夏经济社会发展的总体要求，并提出全面推进节水型社会建设、切实解决中南部地区的贫困问题、促进农业稳定发展、加快发展综合交通运输体系和现代服务业、推进生态建设和环境保护等九大方面共31条意见。,340560," (28,宁夏)"
国家防总部署防御第13号超强台风,340561,
新华网北京9月12日电（记者姚润丰）针对严峻的台风防御形势，国家防汛抗旱总指挥部两次发出通知，要求有关地区高度重视防御工作，密切关注台风走向，强化预报和预警，及时启动应急预案，切实做好出海船只回港避风、海上作业人员和危险地带人员转移等各项防御工作。,340561,"(54,港)"
国资委招央企高管报名踊跃 部分职位300人竞争,340562,
为期30天的中组部、国资委2008年公开招聘16名中央企业高级经营管理者报名工作圆满结束。本次招聘共2745人报名应聘，应聘人数比2007年增加了一倍多，应聘人员数量、质量实现了新突破。,340562,
外交部中方赞赏津巴布韦各方组建民族团结政府,340563," (3,津巴布韦)"
新华网北京9月12日电 外交部发言人姜瑜12日在此间表示，中方对津巴布韦有关各方就组建民族团结政府达成一致表示赞赏和欢迎。,340563,"(15,津巴布韦)"
外商投资电信企业管理规定修订发布(全文),340564,
新华社北京9月12日电,340564," (1,北京)"
工商总局紧急通知：三项措施加强奶粉市场监管,340565,
新华网北京9月12日电(记者张晓松)最近，我国有的地方婴幼儿因食用奶粉而患病。国家工商行政管理总局12日发出紧急通知，要求各地采取以下三项措施，进一步加强奶粉市场监管执法，严厉打击销售假冒伪劣奶粉的违法行为，净化奶粉市场环境，切实保护消费者合法权益：,340565,
民政部新设立社会福利和慈善事业促进司,340566,
据新华社电 日前，以福利彩票、慈善和社会捐助、老年人和残疾人福利以及儿童福利四方面工作为主要业务的民政部社会福利和慈善事业促进司正式成立，原民政部救灾救济司司长王振耀出任该司司长。,340566,
马英九今天公布考监大法官被提名人名单,340567,
中新网9月12日电 台湾当局领导人马英九今天将公布考监大法官被提名人名单，相关人士透露，“考试院长”被提名人为中国国民党副主席关中，“监察院副院长”被提名人是前原住民“监委”陈进利，三名“监委”被提名人分别是前“监委”叶耀鹏、台北荣民总医院护理部主任尹祚芊、台大土木系教授陈永祥。,340567,
马英九坚称无意兼任国民党主席,340568,
人民网9月12日电 马英九是否放弃“‘总统’不兼任党主席”的政治承诺，成为外界关注国民党改革指标。据了解，国民党主席吴伯雄日前为了彻底了解马英九意向，亲自致电询问马英九是否有意兼任主席，并称“如果有，我来替你安排”，马英九则斩钉截铁回复：“绝对没有这个意思”。,340568,
马英九提名“考试院长”及五名“大法官”,340569,
中新网9月12日电 据“中央社”报道，马英九今天公布台湾“考试院”、“监察院”及“大法官”被提名人名单。其中，中国国民党副主席关中被提名为“考试院长”，陈进利被提名为“监察院副院长”。,340569," (13,台湾)"
中联部部长王家瑞到访俄罗斯,340570," (4,俄罗斯)"
新华网莫斯科9月12日电（记者聂云鹏）俄罗斯总统办公厅第一副主任苏尔科夫12日在莫斯科会见了到访的中共中央对外联络部部长王家瑞。,340570,
台湾总人口2016年将转为负增长,340571," (0,台湾)"
台海网9月13日讯 台当局行政主管部门“经济建设委员会”表示，截至今年年中，台湾总人口为2310万人，较去年增加9万人，但台当局“经建会”预计到2016年将转为负增长。,340571,"(21,台湾)"
环保部副部长潘岳：环境税有望开征,340572,
本报深圳9月12日电 (记者武欣中)“环境政策与珠三角可持续发展――绿色中国论坛”今天在深圳召开，国家环境保护部副部长潘岳向外界通报了今年以来推行环境经济政策取得的阶段性成果，并表示环境保护部正在联合其他综合经济部门制定环境税收的相关政策。,340572,
西安将于9月18日上午鸣放防空警报,340573," (0,西安)"
为了深入贯彻落实《中华人民共和国人民防空法》，全面提高我市防空警报快速反应和广大群众对警报音响的识别能力，切实增强广大群众的国防观念和忧患意识，西安市人民政府决定：2008年9月18日上午10时至10时15分在全市范围进行防空警报鸣放。请各单位和广大群众保持正常的生产、生活秩序。防空警报鸣放顺序如下：,340573," (40,西安市)"
解放军总参谋长到访塞尔维亚,340574,
国际在线报道(记者 王智敏)：塞尔维亚总统塔迪奇12日在贝尔格莱德总统府会见了到访的中国人民解放军总参谋长陈炳德上将。双方就中塞关系和其他共同关心的问题进行了交谈。,340574,
贾庆林出席全国政协中秋联谊晚会,340575,
新华网北京9月13日电 (记者张景勇)13日晚，全国政协礼堂灯火辉煌，洋溢着喜庆和谐的气氛，全国政协中秋联谊晚会在这里举行。中共中央政治局常委、全国政协主席贾庆林与各界人士400多人欢聚一堂，共庆中秋佳节。,340575,
台风森拉克致台湾2人失踪17人受伤,340576," (3,台湾)"
中新社台北九月十四日电 (记者曾福志 陈立宇) “森拉克”台风侵台，造成人员失踪、受伤，农业灾情严重。,340576,
塞尔维亚国防部长会见解放军总参谋长陈炳德,340577,
新华网贝尔格莱德9月13日电 塞尔维亚国防部长舒塔诺瓦茨13日在这里会见了中共中央军委委员、中国人民解放军总参谋长陈炳德上将。双方在亲切友好的气氛中，就中塞两国两军关系和其他共同关心的问题交换了意见。,340577,
教育部：高校档案可有偿供个人或商业使用,340578,
新华网北京9月14日电（记者 吴晶 刘奕湛）教育部近日发布《高等学校档案管理办法》，指出高校档案机构应当为社会利用档案创造便利条件。用于个人或者商业目的的，可按照有关规定合理收取费用。,340578,
教育部：高校销毁档案须鉴定报批,340579,
本报讯 (记者郭少峰)教育部和国家档案馆规定，高校档案机构应当为社会利用档案创造便利条件，用于公益目的的，不得收取费用；用于个人或者商业目的的，可按照有关规定合理收取费用。,340579,
欧盟决定不对中国钢材采取临时性反倾销,340580," (3,中国)"
新华网布鲁塞尔9月13日电（记者尚绪谦）欧盟贸易委员曼德尔森的发言人彼得・鲍尔13日证实，欧盟委员会已决定不对从中国进口的热浸镀金属钢铁平板轧材征收临时性反倾销关税。,340580,
王君获任山西省代省长 孟学农辞去山西省长,340581,
新华网太原9月14日电 在9月14日下午召开的山西省第十一届人民代表大会常务委员会第五次会议上，王君被任命为山西省副省长、代省长，同时接受孟学农辞去山西省省长的请求，免去张建民山西省副省长职务。,340581," (1,太原) (11,山西省)"
王岐山离京赴美主持第19届中美商贸联委会,340582,
新华网北京9月14日电 国务院副总理王岐山14日离开北京前往美国，主持定于16日在美国洛杉矶举行的第19届中美商贸联委会。,340582,"(12,美国) (19,洛杉矶)"
全民健身条例提交国务院法制办,340583,
新华网北京9月15日电 (常烨 前卫) 国家体育总局副局长、北京残奥会中国体育代表团副团长冯建中15日接受新华网记者独家专访时透露，全国已有超过一半的省、市制定和颁布了《全民健身条例》，由国家体育总局起草的全国性《全民健身条例》也已经提交国务院法制办，以待尽快颁布实施。,340583,
叶盛茂被控隐匿公文案首次开审,340584,
中新网9月15日电 台当局前“调查局长”叶盛茂被控隐匿公文案，台北地方法院今天首度开庭审理，并传讯相关证人，厘清情资公文被核定为机密的作业过程。叶盛茂在步入法庭前答复媒体表示，他在交付情资给陈水扁时，现场并无第三人在场。,340584,
叶盛茂隐匿公文案今日开秘密庭,340585,
中新网9月15日电 台当局前“调查局长”叶盛茂涉洗钱公文隐匿案，台北地方法院15日将首度开庭审理，由于“调查局”在制作公文时，将公文标示为“极机密”，合议庭决定首开的法庭活动采秘密庭，不开放旁听，待厘清公文机密等级后，再裁定未来开庭的方式。,340585,
孟加拉国看守政府总理抵京访华,340586,
新华网北京9月15日电 (记者孙奕) 孟加拉人民共和国看守政府总理法赫尔丁・艾哈迈德15日中午乘机抵达北京，展开为期4天的对华访问行程。,340586,
探秘陈水扁卸任办公室：8-12位人员贴身保护,340587,
中新网9月15日电 520政党轮替前，陈水扁就盘算建立进可攻、退可守的卸任办公室，做为卸任后的“衡山指挥所”。这间设立在特侦组对面的神秘办公室，正是陈水扁发动政治战、法律战、舆论战的大本营。,340587,
海南省发现4例婴幼儿患肾结石病例,340588," (0,海南省)"
本报海口9月14日讯 (记者 陈新) 截至9月14日下午5时，我省接到4例与食用三鹿奶粉相关的婴幼儿泌尿系统结石的病例报告。其中海口2例，乐东1例，琼海1例。昨晚，省卫生厅召开紧急会议，全力做好与食用三鹿奶粉相关的婴幼儿泌尿系统结石病例排查诊疗等工作。,340588," (2,海口) (41,乐东) (45,琼海)"
深圳口岸中秋通关人数突破60万,340589," (0,深圳)"
本报深圳讯 （记者阮晓光 通讯员尹萧、刘晋宏、段曦、徐殿伟）昨日是中秋佳节，深圳各口岸也迎来了旅客出入境高峰，其中罗湖口岸通关人数最多。截至昨日下午4时，深圳边检总站检查的旅客人数已达到31万人次，全天深圳口岸通关人数突破60万。由于深圳边检总站措施到位，通道充足，旅客均可在该总站承诺的25分钟内快捷过关，口岸秩序始终畅通平稳。,340589,
胡锦涛就俄客机失事向梅德韦杰夫致慰问电,340590," (2,俄)"
相关新闻：,340590,
调查称香港司法制度获得亚洲第一,340591," (2,香港) (6,亚洲)"
中新网9月15日电 政治及经济风险咨询机构(PERC)就亚洲各地区司法制度进行调查，香港凭高透明度的司法体系、自由政治和专业的法律人才，膺亚洲第一。调查机构指出，香港拥有独立的司法制度，加上港府致力打击贪污及保护知识产权，是相关司法制度优于其它亚洲地区的原因。,340591," (14,亚洲) (21,香港) (36,膺亚洲)"
中印边界问题特别代表将举行第十二次会晤,340592,
国际在线消息(记者 吴倩)：应中印边界问题中方特别代表、中国国务委员戴秉国邀请，中印边界问题印方特别代表、印度国家安全顾问纳拉亚南将于18日至19日来京举行中印边界问题第12次特别代表会晤。,340592," (16,中国) (23,印) (30,印度)"
中美未就应对朝鲜可能出现动荡进行接触,340593,
中新网9月16日电 据外交部网站消息，外交部发言人姜瑜在今天举行的例行记者会上表示，中美之间没有就如何应对朝鲜可能出现的局势动荡进行过接触。,340593,
全国人大常委会将开展义务教育法执法检查,340594,
中新社北京九月十六日电 (记者 孙宇挺)中国全国人大常委会义务教育法执法检查组第一次全体会议十六日上午在北京人民大会堂举行。,340594," (1,北京) (9,中国)"
台湾8名检察官称办不好陈水扁案愿下台,340595," (0,台湾)"
新华网消息 据台联合报报道，新加坡法院已同意台特侦组检察官提出的司法互助请求，将黄睿靓等相关帐户数据尽速送交台湾，据称，扁家洗钱案案情可能有重大突破。昨天（15日），特侦组8位检察官罕见的全体出席记者会，宣示“机要费”案及扁家海外洗钱案，年底前可望侦查终结，如果办不出来，全体检察官愿下台。,340595," (28,台湾)"
台风森拉克造成台湾7死14失踪,340596," (3,台湾)"
中新网9月16日电 据“今日新闻”报道， “森拉克”台风强大的风势和雨势，在全台造成严重的灾情，根据台湾灾害应变中心最新的灾情统计，全台有7人死亡，20人受伤，还有超过14人失踪。,340596," (30,台湾)"
哥斯达黎加总统呼吁中美洲国家与中国建交,340597,
新华网消息：据埃菲社报道，正在西班牙访问的哥斯达黎加总统奥斯卡・阿里亚斯日前在马德里表示，中美洲其他国家没有与中国建立外交关系是"一个错误"。他鼓励这些国家与中国建交，认为"中国现在已经是世界第二经济大国"。,340597,
国务院四川巴中特大交通事故调查组成立,340598,
新华网成都9月16日电 (记者黄毅) 9月16日上午，国务院四川省巴中市“9・13”特别重大道路交通事故调查组在四川省巴中市成立，全面开始这起事故的调查处理工作。,340598,"  (14,四川省) (15,巴中市)"
国资委：央企须建安全生产组织机构,340599,
新华网北京9月16日电（记者 樊曦）国务院国有资产监督管理委员会16日发布《中央企业安全生产监督管理暂行办法》，督促中央企业全面落实安全生产主体责任，要求央企必须建立健全安全生产的组织机构，以防止和减少生产安全事故。,340599," (1,北京)"
外交部公布中国对联合国作用及国际问题立场,340600,
中新网9月16日电 第63届联合国大会当地时间16日将在纽约联合国总部开幕。中国外交部今日在其网站上公布了“第63届联合国大会中国立场文件”。,340600,
委内瑞拉总统查韦斯23日至25日将访华,340601,
中新社北京九月十六日电 中国外交部发言人姜瑜十六日宣布，应国家主席胡锦涛邀请，委内瑞拉总统查韦斯将于九月二十三日至二十五日对中国进行国事访问。,340601,"  (29,中国)"
婴幼儿服装标准10月1日起正式实施,340602,
中广网重庆9月16日消息 (记者张晶) 由国家质检总局发布的《婴幼儿服装标准》将于10月1日起正式实施。这是我国首部专门针对婴幼儿服装服饰安全制定的行业性国家标准，标准中凡涉及婴幼儿服装安全方面的条款均为强制性规定。,340602,
机要费案将再开庭 陈水扁称吴淑珍近日昏倒两次,340603,
中新网9月16日电 机要费案19日将再度开庭，台北法院合议庭已接到台大医院回函表示，吴淑珍如果出庭，不会立即造成生命危险。这分回函与过去台大医师翁昭?作证所称“吴淑珍出庭会有猝死的危险”，有极大的差异。,340603,
江丙坤称希望年内找机会到大陆,340604,
中新网9月16日电 台湾海基会董事长江丙坤表示，等两岸两会协商完成后，希望能在年内找机会到大陆跟台商多聊聊，顺便帮台商打打气。,340604,
温家宝分别同孟加拉国和尼日尔领导人会谈,340605,
中新社北京九月十六日电 (记者 孙宇挺)中国总理温家宝十六日在人民大会堂分别同来华访问并出席北京残奥会闭幕式的孟加拉国看守政府总理法赫尔丁和尼日尔总理奥马鲁举行会谈。,340605,
温家宝同孟加拉国看守政府总理举行会谈,340606,
中广网北京9月16日消息 (记者赵雪花) 国务院总理温家宝今天(16日)在人民大会堂同来华访问并出席北京残奥会闭幕式的孟加拉国看守政府总理法赫尔丁举行会谈。,340606,
温家宝将出席联合国千年发展目标高级别会议,340607,
国际在线消息(记者 吴倩)：中国外交部发言人姜瑜16日在北京举行的例行记者会上宣布，应联合国秘书长潘基文的邀请，中国总理温家宝将出席25日在美国纽约举行的联合国千年发展目标高级别会议，并出席第63届联合国大会一般性辩论。,340607," (14,北京) (29,中国) (36,美国) (37,纽约)"
芬兰总统哈洛宁在总统府会见王刚,340608,
新华网斯德哥尔摩9月15日电 (记者和苗) 赫尔辛基消息：芬兰总统哈洛宁15日在总统府会见了到访的中共中央政治局委员、全国政协副主席王刚及其率领的全国政协代表团。,340608,
质检总局公布酸牛乳质量不合格产品名单,340609,
国家质检总局近期组织对酸牛乳产品质量进行了国家监督抽查，共抽查了北京、天津、河北、辽宁、吉林、黑龙江、河南等11个省、直辖市、自治区75家企业生产的75种产品(不涉及出口产品)，产品实物质量抽样合格率为99.5%。,340609," (19,北京) (21,天津) (23,河北) (25,辽宁) (27,吉林) (29,黑龙江) (31,河南)"
陈水扁公务机要费案有望12月前结案,340610,
追查陈水扁家海外密帐洗钱案的特侦组，上周传唤马永成、张俊雄等证人，清查对陈水扁有利的证据后，本周将持续追查涉及不法的部分，由于寻求新加坡司法互助的账户资料即将送达台湾，对未来的侦查程序将有相当帮助，全案可望逐渐收网。,340610," (38,新加坡) (46,台湾)"
陈水扁透露吴淑珍最近又昏倒两次,340611,
新华网消息 据台联合报报道，台检调19日将针对“机要费”案再度传讯扁妻吴淑珍。不过，陈水扁昨天(15日)特意向基层透露，吴淑珍状况很差，会经常性昏倒，前天在家还昏倒两次。出庭前夕，陈水扁透露吴淑珍现况很差，也为吴淑珍应讯与否埋下变数。,340611,
香港一艘运油货轮索马里被劫持,340612," (0,香港) (5,索马里)"
人民网香港9月16日电 设在马来西亚首都吉隆坡的国际海事局海盗监视中心透露，一艘载有22名船员的香港运油轮，在海盗猖獗的索马里附近亚丁港，遭武装分子劫持。这是自7月20日以来，在该水域被海盗挟持的第12艘船。,340612," (1,香港) (6,马来西亚) (8,吉隆坡) (31,索马里)"
中央国务院致残奥会中国体育代表团贺信(全文),340613,
新华网北京9月17日奥运专电 中共中央、国务院致北京2008年残奥会中国体育代表团的贺信，全文如下：,340613,
保监会负责人就保险保障基金管理办法答问,340614,
中新网9月17日电 据中国保监会网站消息，近日，中国保监会、财政部、中国人民银行联合发布了《保险保障基金管理办法》(以下简称《办法》)。该办法是中国保监会深入贯彻落实科学发展观和《国务院关于保险业改革发展的若干意见》(以下简称《意见》)的重要举措，对于进一步完善保险保障基金制度，强化保险保障基金的风险屏障功能，维护保险市场的平稳、健康发展具有重要意义。日前，中国保监会有关负责人就《办法》有关内容回答了记者的提问。,340614,
台当局中文译音改用汉语拼音,340615,
中新网9月17日电 据台湾《联合报》报道，台湾当局“行政院”“跨部会会议”昨天通过台当局主管部门的提案，调整中文译音政策，改采汉语拼音。即日起，台当局的各项补助活动，若有涉及中文英译的部分，都将要求采用汉语拼音，否则不予补助。,340615," (5,台湾)"
台检方赴新加坡锁定陈水扁洗钱案付款人,340616," (3,新加坡)"
人民网9月17日电 台湾“高检署”特侦组侦办扁家海外密帐案，发现扁家在新加坡有更多的人头帐户，其中包括疑似特定业者直接在海外付款的户头，已列为第二波向新加坡申请司法互助的范围，检方下周会有大规模侦办行动。,340616," (4,台湾) (19,新加坡)"
台湾南投县山壁崩塌已致7人身亡,340617," (0,台湾) (1,南投县)"
人民网9月17日电 台湾南投县信义乡丰丘山壁大面积崩塌，掩埋了至少六辆汽机车，到16日傍晚为止，已有七人遗体被挖掘出来；其中三具遗体被土石压得尸骨分离，惨不忍睹。据悉，马英九预定今日到台中、南投等灾区勘灾。,340617," (4,台湾) (5,南投县)"
台湾南投土石流灾害致7人死亡,340618," (0,台湾)（1，南投）"
中新网9月17日电 台风来袭，台岛自然灾害多，南投县信义乡新中横土石流确定夺走七条人命，救难人员16日陆续挖出所有罹难者，等候的家属痛哭失声。,340618," (7,台岛) (12,南投县)"
台湾文献委员建议把郑成功正名为朱成功,340619," (0,台湾)"
台南市文献委员谢碧连16日建议将郑成功正名为“朱成功”，但文献委员会议讨论未对此案作出任何决议。台南市府文化观光处长许耿修说，郑成功的称呼是沿自清朝，郑成功签名只签本名“郑森”或“朱成功”。,340619," (0,台南市)"
台风森拉克造成台湾12人死亡10人失踪,340620," (3,台湾)"
新华网台北9月17日电（记者 秦大军 陈键兴）台风“森拉克”灾情持续扩大。台行政当局有关机构17日表示，全台已经确定的有12人死亡、10人失踪和20人受伤，农业损失达7．14亿元新台币。,340620,
台风森拉克造成台湾7人死亡13人失踪,340621," (3,台湾)"
中新社台北九月十六日电(记者陈立宇 曾福志 )记者十六日自台湾“中央灾害应变中心”获悉，据该中心今日统计，因台风“森拉克”肆虐而致死亡的确知人数持续上升中，目前已有七人死亡、十三人失踪。,340621," (13,台湾)"
吴伯雄强调国民党要做行政团队后盾,340622,
中心王9月17日电 国民党主席吴伯雄指出，台当局“行政院长”刘兆玄今天到中常会报告，明天举行的“立法行政部门议事运作研讨会”，马英九与刘兆玄也将出席，国民党以实际行动证明党政没有分离。吴伯雄还说，看到这么辛苦的行政团队，国民党一定要做他们的后盾。,340622,
国民党廉能会决议台当局不宜任用曾遭弹劾官员,340623,
中新网9月17日电 在外界要求台当局“内阁”改组声不断的敏感时机，国民党廉能委员会16日晚忽对马英九当局开炮，决议当局“不宜”任用曾遭弹劾的政务官。,340623,
国资委：央企管理层绩效薪金与安全生产挂钩,340624,
中新网9月17日电 国资委16日发布了《中央企业安全生产监督管理暂行办法》，办法规定，授权董事会对经理层人员进行经营业绩考核的中央企业，董事会应当将安全生产工作纳入经理层人员年度经营业绩考核，与绩效薪金挂钩。该办法自2008年9月1日起施行。,340624,
安监总局称山西襄汾溃坝事故有瞒报迹象,340625," (3,山西)"
新华网北京9月17日电 题：一定交一份经得起时间和历史检验的事故调查报告――安监总局新闻发言人黄毅就山西“9・8”尾矿库溃坝特大事故接受新华社记者专访,340625,
审计署对18城市启动基础教育经费审计,340626,
本报记者从审计署获悉，针对18个城市的基础教育经费审计已经全面开始，武汉、昆明等地审计组已经进点，由于教育问题是民生热点，这次各个审计组均公布举报热线电话。,340626," (20,武汉) (22,昆明)"
查韦斯将于23日至25日访华,340627,
人民网北京9月16日电 (记者焦翔、刘刚) 外交部发言人姜瑜16日在例行记者会上宣布，应国家主席胡锦涛邀请，委内瑞拉玻利瓦尔共和国总统乌戈・拉斐尔・查韦斯・弗里亚斯将于9月23日至25日对中国进行国事访问。,340627,
王岐山出席第19届中美商贸联委会(图),340628,
中新社洛杉矶九月十六日电(记者 魏? 张炜)第十九届中美商贸联委会十六日在美国西岸城市洛杉矶举行。中国国务院副总理王岐山和美国贸易代表苏珊・施瓦布和商务部长卡洛斯・古铁雷斯共同主持了会议。,340628,
第十九届中美商贸联委会谈判达成多项协议,340629,
中新社洛杉矶九月十六日电 题 中美商贸谈判达成多项协议,340629,
质检总局：14日后生产液态奶未发现三聚氰胺,340630,
国务院新闻办定于2008年9月17日(星期三)上午10时举行新闻发布会，请国家处理三鹿牌婴幼儿奶粉事件领导小组组长陈竺、副组长李长江等通报婴幼儿奶粉抽检等有关情况，并答记者问。以下为发布会内容：,340630,
质检总局：检出三聚氰胺企业免检资格一律撤销,340631,
国务院新闻办定于2008年9月17日(星期三)上午10时举行新闻发布会，请国家处理三鹿牌婴幼儿奶粉事件领导小组组长陈竺、副组长李长江等通报婴幼儿奶粉抽检等有关情况，并答记者问。以下为发布会内容：,340631,
香港货船在索马里遭劫持续：船员中无港人,340632," (0,香港) (3,索马里)"
中新网9月17日电 据香港明报报道，一艘香港注册的化学品货轮，日前驶经海盗横行的非洲索马里水域时，被武装海盗劫持，船上有22名船员，当中并没有港人，暂时得知他们全部安全。香港特区政府对事件表示关注，海事处称会与船主密切联系。,340632," (11,香港) (22,非洲) (23,索马里)"
14种情形用人单位可解除无固定期限劳动合同,340633,
新华网北京9月18日电 (记者杜宇)18日公布的《中华人民共和国劳动合同法实施条例》规定，14种情形下用人单位可以与劳动者解除无固定期限劳动合同。,340633,
中印今日再谈边界问题 印方可能将采取强硬立场,340634,
本报记者 王亮亮,340634,
中方恢复对新加坡公民入境免签安排,340635,
国际在线消息(记者 吴倩)：中国外交部发言人姜瑜18日在北京举行的例行记者会上说，自19日零时起，中方恢复对持普通护照来华经商、旅游观光、探亲访友或者过境不超过15天的新加坡公民免签的入境安排。,340635," (14,北京) (33,华)"
习近平会见中印边界问题印方特别代表,340636,
新华网北京9月18日电 (记者李诗佳)国家副主席习近平18日在人民大会堂会见了来京参加中印边界问题特别代表第12轮会晤的印度特别代表、国家安全顾问纳拉亚南。,340636,
交通部拟规定交通执法者不得强行拦截车辆,340637,
本报讯 （记者李立强）从事交通运输被罚款1万元时，当事人可以要求听证，交通执法人员不得强行拦截和追截车辆。近日，交通运输部在官方网站上发出了“关于征求《交通行政执法风纪》等交通行政执法行为规范函”，公开向各部门征求对这些规范条款的意见。,340637,
全国人大常委会将开展劳动合同法执法检查,340638,
新华网北京9月18日电 (记者隋笑飞)全国人大常委会劳动合同法执法检查组第一次全体会议18日上午在北京人民大会堂举行。全国人大常委会委员长吴邦国作出重要批示，强调劳动合同法的立法宗旨在于调整劳动关系，保护劳动者合法权益，促进社会和谐，要通过这次检查，推动劳动合同法的有效实施。,340638,
台北法院再审机要费案拒绝吴淑珍再次请假,340639,
新华网台北9月18日电 (记者陈键兴 秦大军) 台北地方法院19日将再次开庭审理陈水扁“机要费”贪腐案，此前作为被告已连续16次请假不到庭的陈水扁妻子吴淑珍日前再次要求请假，但合议庭认为，相关医院已表示吴出庭不会有立即生命危险，因此不予准假。,340639,
吴小莉称无意辞政协委员 台当局将处罚,340640,
台海网9月18日讯 台“陆委会”主委赖幸媛前天表示将研究是否有开放台商担任大陆政协委员的法律空间，事隔一天，“陆委会”昨马上做出结论：“目前不宜探讨放宽台商担任政协委员的议题。”,340640,
吴淑珍明日出庭受审 请假被驳回,340641,
中新网9月18日电 据台湾TVBS报道，机要费案停摆近一年后，台北地方法院19日上午将开庭审理，不过陈水扁夫人吴淑珍以“感冒、昏厥”等身体不适为由，委托律师代由请假。,340641,
国务院决定废止食品质量免检制度,340642,
外交部中方支持联合国驻格观察团继续履行职责,340643,
新华网北京9月18日电 (记者孙奕、白洁)外交部发言人姜瑜18日表示，中方支持联合国驻格鲁吉亚观察团继续履行职责。,340643,
外交部：台胞参与国际活动应由两岸协商解决,340644,
中新网9月18日电 据外交部网站消息，外交部发言人姜瑜今天在例行记者会上答问时表示，台湾同胞参与国际活动的问题应由两岸中国人协商解决。,340644,
外交部：望日本认真对待中国受害劳工正当要求,340645,
国际在线消息(记者 吴倩)：中国外交部发言人姜瑜18日在北京举行的例行记者会上表示，中方希望日本方面能够认真对待中国受害劳工的正当要求。,340645," (14,北京) "
恒生银行女经理挪12客户1亿资金至男友账户,340646,
中新网9月18日电 据香港大公报报道，香港恒生银行女客户服务经理涉嫌为同任职银行界的男友投资户口的亏损补仓，疑挪用客户款项，在17个月内将12名客户共约1亿元资金调至男友户口内。恒生银行17日入禀高等法院，循民事诉讼向女客户服务经理的男友索偿。,340646," (5,香港)"
挪威议长亚格兰会见解放军总参谋长陈炳德,340647,
新华网斯德哥尔摩9月18日电 奥斯陆消息：挪威议长亚格兰18日上午在挪议会大厦会见了中央军委委员、总参谋长陈炳德上将。双方在亲切友好的气氛中就双边关系和共同关心的问题交换了意见。,340647,
教育部首次明确考研舞弊者次年不得再报考,340648,
本报讯(记者周逸梅)昨天，教育部下发研究生招生工作的通知指出，对于作弊考生，除了取消当年成绩外，将不允许参加次年的入学考试。,340648,
林健锋获推举任香港自由党主席,340649,
中新网9月18日电 香港《文汇报》报道，自由党正副主席田北俊及周梁淑怡因立法会选举落选而辞职，悬空多日的党主席一职终有新消息。自由党核心成员在举行会议后，党内6名立法会议员一致推举自由党中委、商界议员林健锋担任主席，而刘健仪及梁刘柔芬任副主席，方刚任司库，但需待代主席刘健仪下周二返港后才作正式提名。,340649," (4,香港) (79,港)"
证券交易印花税明日起调整为单边征收,340650,
新闻联播刚刚播发消息称，证券交易印花税从明日起调整为单边征收。,340650,
陈水扁办公室称吴淑珍并未提出请假要求,340651,
中新网9月18日电 有媒体报道称，吴淑珍以身体不适为由，向台北地方法院请假遭到驳回。对此，陈水扁办公室18日下午提出澄清声明表示，吴淑珍健康情况的确较为恶劣，因此向法院提出刑事陈明状，并非提出请假要求。,340651,
陈水扁机要费案将再次开庭 法院不准吴淑珍请假,340652,
新华网台北9月18日电 (记者 陈键兴 秦大军)台北地方法院19日将再次开庭审理陈水扁“机要费”贪腐案，此前作为被告已连续16次请假不到庭的陈水扁妻子吴淑珍日前再次要求请假，但合议庭认为，相关医院已表示吴出庭不会有立即生命危险，因此不予准假。,340652,
香港两报刊有关内容被淫审处评二级不雅,340653," (0,香港)"
中新网9月18日电 据香港文汇报报道，香港《中大学生报》情色版被淫审处初步评为二级不雅，明报转载有关内容也同被评级，双方早前先后入禀高院要求进行司法复核推翻评级，案件17日审结，稍后将宣判。,340653," (9,香港)"
马英九称两岸截弯取直新航线10月应有结果,340654,
台海网9月18日讯 马英九17日晚表示，两岸直航的后续协商目前都在进行当中，顺利的话10月就会有结果，包括截弯取直新航路、货运包机与海运直航若能尽早完成。,340654,
两部门负责人回应劳动合同法四大热点问题,340655,
新华网北京9月19日电 (记者杜宇李菲)劳动合同法是否导致企业用工机制僵化？对企业成本有什么影响？劳动者本人不愿签订合同，怎么办……,340655,
中方认为安理会改革应首先考虑非洲,340656," (7,非洲)"
国际在线消息(记者 刘轶瑶)：中国外交部副部长何亚非19日在北京重申，中方认为联合国安理会改革首先应该考虑非洲，任何改革方案都应通过广泛的民主讨论，与尽可能多的国家取得共识。,340656," (14,北京) (25,非洲)"
何亚非：金融动荡不影响中国落实千年发展目标,340657," (7,中国)"
新华网北京9月19日电 (记者熊争艳 侯丽军)中国外交部副部长何亚非19日在此间表示，当前金融市场的动荡，不会影响中国落实联合国千年发展目标的承诺。,340657,
卫生部将021-12320增设为奶粉事件咨询热线,340658,
新华网北京9月19日电(记者 吴晶、刘奕湛)卫生部19日宣布将上海公共卫生公益服务电话021-12320增设为全国婴幼儿奶粉事件健康咨询热线。,340658,
台军15名军官勾结地下钱庄放贷,340659,
人民网9月19日电 台军方爆发重大丑闻，在部队扮演“社工”角色的辅导长，竟成为地下钱庄的打手。台中检警查出，陆海空三军及联勤、海巡，至少有十五名中尉辅导长勾结地下钱庄放贷，部队弟兄若拖债，便把弟兄休假日告知钱庄堵人追债。,340659,
台法院批准吴淑珍请假 择期再审机要费案,340660,
中新网9月19日电 据台湾TVBS电视台报道，台北地方法院今日庭审陈水扁“国务机要费”案，今天上午9点半再度开庭，院方也再度传唤陈水扁妻子吴淑珍出庭应讯，由于吴淑珍和三名委任律师均未到庭，检察官向法院申请拘提，但合议庭法官裁决，准许吴淑珍请假，择期再审。,340660,
吴淑珍昨夜递交请假条 台法院上午决定是否准假,340661,
中新网9月19日电 据台湾TVBS报道，台北地方法院今日庭审“国务机要费”案，今天上午9点半，将再度开庭，院方也再度传换陈水扁妻子吴淑珍出庭应讯，由于吴淑珍除了第一次曾出庭之外，之后的16次，皆以身体不适为由，未出庭应讯，因此今天能否顺利出庭，备受各界关注。,340661,
国务院要求全面整顿奶制品行业,340662,
外交部透露温家宝48小时纽约行行程,340663,
中新社北京九月十九日电 (记者 张朔)中国总理温家宝即将赴纽约出席联合国千年发展目标高级别会议和第六十三届联大一般性辩论。这是他就任总理后首次率团出席联合国会议，也是中国成功举办奥运会后又一次重大外交行动。备受关注的后奥运中国的政治经济姿态，将在几天后更清晰地展现在世界面前。,340663,
媒体称吴淑珍可能不出庭 医院称有生命危险,340664,
中新网9月19日电 台湾《中国时报》报道说，台湾前“第一夫人”吴淑珍是否出庭应讯，深受外界瞩目，昨日竟在开庭前夕峰回路转。台大医院十八日在函覆台北地院请求支持医疗设施时指称，从吴淑珍过去病史分析，若有压力或心情紧张情形，还是有生命危险。吴淑珍辩护律师李胜雄获通知前往法院阅卷后，昨天晚间随即向法院递出请假状。,340664,
工商总局责令含三聚氰胺液态奶立即下架退市,340665,
新华网北京9月18日电 (记者 张晓松) 国家工商行政管理总局18日发出紧急通知，要求各地工商部门对市场上含三聚氰胺的液态奶，立即责令停止销售、下架退市。,340665,
工商总局：各地已退市问题奶粉3215.1吨,340666,
新华网北京9月19日电 (记者张晓松)来自国家工商行政管理总局的最新统计数字，截至19日上午9时，工商行政管理机关共出动执法人员87.3万人次，检查奶粉经营主体249.7万户次，已下架退市问题奶粉3215.1吨。,340666,
新版农村普通中小学校建设标准发布,340667,
中新网9月19日电 国家发改委、住房和城乡建设部日前联合发布通知，批准发布由教育部负责编制的《农村普通中小学校建设标准》。该《标准》自2008年12月1日起施行。原《农村普通中小学校建设标准(试行)》同时废止。,340667,
新粮食收购价政策将于近期出台,340668,
一位国家粮食局官员向本报记者证实，粮食局正在会同发改委价格管理部门、农业部、财政部等部门一起研究制定新的粮食收购价政策，近期就会出台。,340668,
机要费案吴淑珍请假未到庭 台法院择期再审,340669,
中新网9月19日电 陈水扁“机要费案”今天上午再度开庭，但被传唤的吴淑珍请假而未出庭应讯。检方申请拘提，不过，台北地方法院合议庭最后裁定，择期再审。,340669,
欧盟轮值主席国法国重申支持一个中国政策,340670,
新华网巴黎9月19日电(记者 严明)欧盟轮值主席国法国19日以欧盟名义发表声明，重申坚持一个中国政策。,340670,
浙江人大常委会通过一批人事任免,340671,
浙江在线9月19日讯(见习记者 李利)9月19日，浙江省十一届人大常委会第六次会议就省高级人民法院院长提请的人事任免事项通过了表决。,340671,"(13,浙江省)"
胡锦涛：一些干部对群众生命安全麻木不仁,340672,
中新网9月19日电 据中央电视台新闻联播报道，全党深入学习实践科学发展观活动动员大会暨省部级主要领导干部专题研讨班开班式今天上午在中央党校举行。中共中央总书记、国家主席、中央军委主席胡锦涛发表重要讲话。他强调，适应新形势，完成新任务，实现新发展，要求我们必须深化用中国特色社会主义理论体系武装全党工作，把深入学习实践科学发展观摆在突出位置，把党的政治优势和组织优势转化为推动经济社会又好又快发展的强大力量，为全面推进社会主义经济建设、政治建设、文化建设、社会建设以及生态文明建设，为全面推进党的建设新的伟大工程，为实现全面建设小康社会的宏伟目标，进一步奠定重要的思想基础、政治基础、组织基础。,340672,
西班牙参议长罗霍会见全国政协副主席王刚,340673," (0,西班牙)"
西班牙参议长罗霍18日会见了正在马德里访问的中共中央政治局委员、全国政协副主席王刚率领的中国全国政协代表团。,340673," (0,西班牙) (7,马德里)"
财政部要求提高地震灾后重建资金使用效率,340674,
新华网北京9月19日电 (记者罗沙 韩洁)记者19日从财政部获悉，为加强汶川地震灾后恢复重建资金管理，财政部近日下发了《汶川地震灾后恢复重建资金(基金)预算管理办法》，要求各地各部门提高资金使用效益。,340674,
陈水扁妻子可能被强押至法庭受审,340675,
9月19日，台北地方法院将开庭审理陈水扁“机要费”案。作为“主角”之一的陈水扁妻子吴淑珍再度被传唤。17日，此前已告假16次的吴淑珍再以“身体不适”为由请假遭到法院驳回，这意味着吴淑珍可能不得不走到台前了。有媒体称，扁家“怪里怪气”的动作，似乎预告着“又要大闹一场了”！,340675,
陈水扁机要费案今日再审 要求吴淑珍须出庭应讯,340676,
中新网9月19日电 据台湾《联合报》报道， 台北地方法院今天开庭审理“国务机要费”案，陈水扁妻子吴淑珍日前递送陈明状，表示因身体不佳无法到庭，但遭合议庭驳回；合议庭并指示台大医院搬运病床、急救设施及药品到第八法庭，医师及护士今天到庭待命，显现今天非要吴淑珍到庭不可的决心。,340676,
香港公交冲上行人路15人受伤,340677," (0,香港)"
中新网9月19日电 据香港明报报道，香港一名入职仅1个月的九巴“新手车长”，18日上学时间在大角咀酿成15人受伤的惊险车祸。,340677," (9,香港)"
香港数个团体到日本驻港总领事馆请愿,340678," (0,香港)"
中广网香港9月19日消息 (记者吴新伟) 据香港文汇报报道，昨天上午，香港工联会等多个团体在9.18事变77周年纪念日由中环邮政总局集合，游行至位于中环交易广场的日本驻港总领事馆递交请愿信，要求日本承担侵华罪行。,340678," (1,香港) "
香港新届立法会60名准议员下月8日就任,340679," (0,香港)"
中新网9月19日电 据香港文汇报报道，随着香港新一届立法会选举结束，60个议席全数“名花有主”，全体准议员将于下月8日宣誓，正式就任。,340679," (10,香港)"
卫生部向世界卫生组织通报问题奶粉处理进展,340680,
新华网北京9月20日电 (记者吴晶)记者20日获悉，卫生部已于日前向世界卫生组织通报了中国处理“问题奶粉”的工作进展，并就进一步加强食品安全合作交换意见。,340680,
卫生部要求各地开通问题奶粉咨询热线,340681,
新华网北京9月20日电 (记者吴晶)卫生部20日发出紧急通知，要求没有开通婴幼儿奶粉事件健康咨询热线12320的省份，应在最短时间内开通，并及时告知公众。,340681,
国办要求进一步做好婴幼儿奶粉事件处置工作,340682,
新华网北京9月19日电 国务院办公厅19日发出通知，要求各地区、各部门认真贯彻落实党中央、国务院的决策部署，以对人民群众高度负责的精神，进一步做好婴幼儿奶粉事件处置工作。,340682,
工商总局通知各地开展奶制品市场专项整治,340683,
新华网北京9月20日电 (记者张晓松)为认真贯彻《国务院办公厅关于进一步做好婴幼儿奶粉事件处置工作的通知》，国家工商行政管理总局20日紧急通知各地工商机关，在全国范围内迅速集中开展奶制品市场专项整治工作。,340683,
建设部：城市公厕选址方案要予以公示,340684,
中新网9月20日电 据住房和城乡建设部网站消息，该部日前出台《关于加强城市公共厕所建设和管理的意见》，意见指出，城市公厕的具体选址方案要予以公示，接受社会监督，确保公厕建设用地。,340684,
李克强赴河北看望奶粉事件患儿强调免费救治,340685," (2,河北)"
中新网9月20日电 据中央电视台新闻联播报道，中共中央政治局常委、国务院副总理李克强今天专程赴河北省定兴县，深入医院、患儿家庭和商场，代表中共中央、国务院看望三鹿婴幼儿奶粉事件中患病儿童，并考察患儿救治工作和奶制品市场情况。,340685," (22,河北省)"
梁光烈会见泰国国防部次长威奈,340686,
新华网北京9月20日电 (记者常璐)国务委员兼国防部长梁光烈20日在北京会见了来访的泰国国防部次长威奈一行。,340686,
温家宝出席联合国大会行程安排紧凑,340687,
□据新华社报道,340687,
香港47个内地奶品样本检测不含三聚氰胺,340688," (0,香港)"
新华网香港9月19日电 香港食物安全中心19日公布最新一批香港市场上内地生产的奶类产品样本检测结果，检测的47个奶类产品样本，包括牛奶及奶类饮品、奶粉、酸乳酪及炼乳，全部没有检出三聚氰胺。,340688,
马英九称台湾与日本是特殊伙伴关系,340689," (2,台湾) (4,日本)"
环球时报驻台北特约撰稿人韦博报道，马英九19日在台北会见日本媒体记者时表示，台湾与日本“因为政治因素，没有办法建立正式‘外交关系’，双方应该算是特殊的伙伴关系”，并希望通过签订投资保护协定及度假打工协定等促进双方的交流，进一步发展与日本的关系。,340689,
中国-挪威自由贸易区谈判正式启动,340690," (0,中国) (2,挪威)"
新华网斯德哥尔摩9月20日电 (记者吴平)据中国驻挪威大使馆商务处提供的消息，中国-挪威自贸区谈判日前在挪威首都奥斯陆正式启动，两国贸易官员举行了第一轮谈判。,340690,
卫生部：12892名婴幼儿因食用奶粉住院治疗,340691,
新华网北京9月21日电 (记者周婷玉)卫生部21日通报三鹿牌婴幼儿配方奶粉事件医疗救治情况时指出，截止到9月21日8时，各地报告因食用婴幼儿奶粉正在住院接受治疗的婴幼儿共有12892人，其中有较重症状的婴幼儿104人；此前已治愈出院1579人。,340691,
台商发布广告自称来自台湾省遭民进党痛批,340692," (5,台湾省)"
环球时报驻台北特约撰稿人连田报道 几则大陆广告日前遭到民进党“立委”痛批。据台湾《苹果日报》报道，台湾某知名集团在大陆播出的凉草茶广告中，出现两岸地理坐标地图，广告称：“来自台湾省、台北市，有个青草巷……”对此，民进党“立委”蔡同荣叹：“真的很无奈啦！”,340692," (22,台湾) (54,台湾省) (56,台北市)"
台湾华航飞往巴厘岛客机遇强气流30人受伤,340693," (3,巴厘岛)"
台海网9月21日讯 台湾中华航空CI687班机昨天从桃园国际机场出发，飞往印尼巴厘岛途中，发生空中惊魂。班机在马来西亚上空3万7000尺高空遇晴空乱流，上下震荡200尺后，机上旅客和机组员共30人受伤， 6人伤势较重送医，其中乘客黄永德及座舱长劳捷成先撞上机舱顶再掉落，脚部或手腕骨折需开刀，另3名机组员和1名乘客则脸部受伤与肌肉拉伤。,340693," (20,巴厘岛) (29,马来西亚)"
台湾检方发现陈水扁亲友在新加坡存款过亿,340694,
台海网9月21日讯 特侦组侦办扁家涉嫌洗钱案，除新加坡司法互助文件之外，还发现扁家4名亲友在新加坡有1亿2千多万台币(400万美元)的存款，检方怀疑巨款来源和扁家有关，不排除再度向新加坡申请第二波司法互助。,340694,
教育部将近视率纳入学生体育督导评估体系,340695,
中新网9月21日电 据教育部网站消息，教育部日前发布《中小学体育工作督导评估指标体系(试行)》，学生的近视率、体育课开足情况以及每天锻炼一小时的完成情况等被列入评估内容。督导结果将作为考核领导干部政绩的重要内容。,340695,
教育部：考研作弊者次年不准报考,340696,
本报讯 （记者 韩晓蓉）由上海市教育考试院组织的“2009年上海市硕士研究生招生网上咨询”活动昨天举行，复旦大学、同济大学、上海交通大学等50余家招生单位参与本次咨询，在线为考生答疑解惑。,340696,
李登辉明日起访问日本冲绳,340697," (4,日本) (5,冲绳)"
台海网9月21日讯 85岁的李登辉22日起将访问冲绳。上次访日是去年6月，本次将是他下台后第四次访问日本，也是首次访问冲绳。此行访问至25日。李登辉23日将在宜野湾市以福泽谕吉的著作《劝学篇》为基础讲解日本文化特征。,340697,
温家宝看望问题奶粉事件患病儿童,340698,
新华网北京9月21日电 (记者 李斌 黄全权)9月21日上午，中共中央政治局常委、国务院总理温家宝来到北京市医院、社区和商场，看望在“三鹿奶粉”事件中患病的儿童，了解救治情况和奶制品市场。中共中央政治局委员、北京市委书记刘淇，北京市市长郭金龙陪同考察。,340698,
黑龙江省通报富华煤矿火灾责任人被控制,340699,
中广网哈尔滨9月21日消息 (记者杨沼畔)黑龙江省政府今天将鹤岗市富华煤矿火灾事故通报全省，要求各市地、县区深刻吸取事故教训，举一反三，深入开展煤矿隐患排查治理，强化安全生产工作，加大安全设施投入力度，严格落实各项安全生产责任制，加强煤矿安全日常监管，坚决遏制煤矿重特大事故发生。,340699,
五部委就公民私自收养子女问题下发通知,340700,
中新网9月22日电 据民政部网站消息，日前，民政部、公安部、司法部、卫生部、人口计生委等五部委就解决国内公民私自收养子女有关问题联合下发通知。全文如下：,340700,
北京市属公园承诺排队购票不超10分钟,340701,
本报讯 (记者窦媛媛)十一期间，北京11家市属公园将增加82个售票窗口，保证游客10分钟内购票入园。,340701," (8,北京)"
台军方追回五颗被偷手榴弹,340702,
中新网9月22日电 台湾南部的台军某部队弹药库今年五月发生军火失窃案，外流的六颗军用手榴弹，经军方会同检警单位连续追查，陆续逮捕多名嫌疑人并追回五颗手榴弹，检警单位昨天提讯在押嫌疑人又追回最后一颗外流的军用手榴弹。,340702," (4,台湾)"
国民党拟组反击部队应对不利局势,340703,
人民网9月22日电 马当局上台至今短短四个多月，遭在野党、舆论强烈抨击。据透露，为因应不利局势，“府院党”计划恢复“大选”时的“快速反应小组”，除宣传巩固政绩外，对于绿营不实指控也将迅速澄清或反击。,340703,
国防部长梁光烈会见英国海军参谋长,340704,
中新社北京九月二十二日电 国务委员兼国防部长梁光烈今天上午在北京会见了来访的英国第一海务大臣、海军参谋长班德一行。他表示，中方愿在多层次、宽领域与英方进一步加强交流与合作，不断将两军关系推向新的阶段。,340704," (1,北京) (19,英国)"
大陆学生最快明年可赴台湾读大学,340705," (7,台湾)"
据台湾媒体报道，台湾当局开放大陆学生赴台就学迈出大步，“教育部”最近通过修订大学法及专科学校法，增列大陆地区学生来台就学法源，加上配套订定办法，最快明年陆生可来台就学。（厦门日报）,340705,
温家宝将首次出席联大会议,340706,
国际在线消息（记者 刘轶瑶）中国总理温家宝22日即将赴纽约出席联合国千年发展目标高级别会议和第63届联合国大会一般性辩论。这不仅是温家宝就任中国总理六年来首次亮相联合国，也是北京奥运会和残奥会成功举行之后，中国领导人的首次重大外交行动。“后奥运时代”中国的政治经济政策走向如何、中国落实千年发展目标的行动如何？中国总理将通过在联合国会议期间的一系列活动和表态给出答案。,340706," (7,中国) (13,纽约) (48,北京)"
胡锦涛与布什通电话 希望美国救市措施迅速见效,340707," (5,美国)"
中新网北京9月22日电 中国国家主席胡锦涛二十二日上午应约同美国总统布什通电话。双方就中美关系及美国经济金融形势等问题交换了意见。,340707,
质检总局局长李长江辞职获准 王勇被任命为局长,340708,
新华网北京9月22日电　国务院任免国家工作人员。,340708,
贺国强率中央代表团参加宁夏建区50周年活动,340709," (5,宁夏)"
新华网银川9月22日电(记者 徐京跃 杨维汉)以中共中央政治局常委、中央纪委书记贺国强为团长的中央代表团，带着党中央、国务院的亲切关怀和全国人民的深情厚谊，22日上午乘专机抵达银川，参加宁夏回族自治区成立50周年庆祝活动。在银川河东机场，中央代表团受到宁夏回族自治区党政军负责同志和各族各界群众的热烈欢迎。,340709,
赖幸媛称台湾与世界接轨无法跳过大陆,340710," (2,台湾)"
中新网9月22日电 台湾当局“陆委会主委”赖幸媛表示，大陆已经融入国际社会，台湾在与世界接轨的过程中无法刻意跳过大陆，必须让两岸互动减少不必要阻碍；“陆委会”将促请大陆共同努力，让“威胁最小化、机会最大化”。,340710," (19,台湾)"
陈水扁夫妇诈领机要费可能过亿,340711,
人民网9月22日电 台湾“高检署”特侦组追查“机要费”案，发现陈水扁及吴淑珍诈领的贪污金额超过原先查黑中心起诉的1400余万元，可能超过1亿元。因此吴淑珍的涉案事实、罪名恐将变更。特侦组将向审理吴案的合议庭、公诉检方沟通，希望能技术性拖延审理进度，让特侦组尽速侦结陈水扁部分并案审理。,340711," (4,台湾)"
陈水扁家庭在新加坡账户解密,340712," (3,新加坡)"
中新网9月22日电 台湾检方特侦组侦办陈水扁家庭洗钱疑案，21日拆阅新加坡提供的扁家海外账户资料。专案小组今天密集比对账户内容，厘清资金来源。,340712," (15,新加坡)"
习近平：让发展成果惠及广大人民群众,340713,
中新社北京九月二十三日电 中共中央政治局常委、中央书记处书记习近平二十三日在全党深入学习实践科学发展观活动动员大会暨省部级主要领导干部专题研讨班结业式上发表重要讲话。他强调，科学发展观是管根本、管全局、管长远的。各级党组织要不断提高贯彻落实科学发展观的能力和水平。,340713,
亚欧首脑会议将于10月24-25日在北京举行,340714," (8,北京)"
中新网9月23日电 据中国外交部网站消息，外交部发言人姜瑜宣布：第七届亚欧首脑会议将于10月24日至25日在北京举行。届时，亚欧会议45个成员的领导人或代表将出席会议。,340714," (28,北京)"
台军高级将领涉嫌花钱买官,340715,
中新网9月23日电 台湾军方再爆重大采购弊案，有30余件军方重大工程招标机密数据，疑被高级军官卖给围标集团。检调单位监听军官电话，还查实有高级将领疑似卷入买官丑闻。,340715,
台检方以证人身份传唤苏贞昌李逸洋,340716,
中新网9月23日电 台检方侦办机要费案，今天(23日)以证人身份传唤台当局前“行政院长”苏贞昌与前“内政部长”李逸洋到案，厘清陈水扁是否曾以馈赠等方式，交付他们机要费。两人分别于下午两点三十分左右进入特侦组。,340716,
台检方称陈水扁家族洗钱案可望下月侦结,340717,
中新网9月23日电 台湾检方特侦组侦办陈水扁家庭涉嫌洗钱案，跨海寻求司法互助又有重大进展。检察官越方如22日低调搭机到香港，调阅吴淑珍透过哥哥吴景茂及蔡美利等亲友，在香港设立的20多个人头账户的交易明细，彻查其中两亿多元(新台币，下同)资金来源，是否和机要费有关。,340717," (30,香港)"
台湾名企多笔巨款被发现汇入陈水扁家族帐户,340718," (0,台湾)"
海潮,340718,
国务院安委办：公共娱乐场所不得使用烟花火炮,340719,
中新网9月23日电 据国家安监总局网站消息，国务院安全生产委员会办公室22日通报广东深圳“9.20”特别重大火灾事故，通报要求，重点做好国庆节期间的安全生产工作，进一步加强对歌舞厅、俱乐部等人员密集场所的隐患排查治理工作，严防类似事故再次发生。,340719," (18,广东) (19,深圳)"
国家旅游局称黄金周制度将保持稳定,340720,
中新网9月23日电 据中央电视台13点新闻消息，针对有关“十一”黄金周将被取消的说法，国家旅游局副局长王志发表示，黄金周制度在一段时间内将保持稳定。,340720,
外交部中方愿与日方共同推动战略互惠关系发展,340721,
新华网北京9月23日电(记者谭晶晶 林立平)外交部发言人姜瑜23日在回答有关麻生太郎当选日本自民党总裁的有关提问时表示，中方愿与日方共同努力，推动两国战略互惠关系全面深入向前发展。,340721,
外交部就麻生太郎当选及查韦斯访华答问(全文),340722," (8,华)"
人民网北京9月23日专电 据外交部网站消息，今日，外交部发言人姜瑜举行例行记者会，就中日关系、查韦斯总统访华、朝核问题、三鹿奶粉安全事故等回答了记者提问。全文如下：,340722,
安监总局公开选拔13名司处级干部,340723,
中新网9月23日电 据国家安监总局网站消息，安监总局日前发布公告，公开选拔司、处级领导干部。公告全文如下：,340723,
安监总局公开选拔司局级和处级干部,340724,
为优化干部队伍结构，树立正确的用人导向，建设一支高素质的安全生产监管监察队伍，国家安全生产监督管理总局(以下简称总局)决定公开选拔一批司局级和处级领导干部到总局、国家煤矿安全监察局(以下简称煤监局)机关和部分直属事业单位任职。现公告如下：,340724,
官方通报黑龙江鹤岗煤矿事故和河南登封矿难,340725,黑龙江，鹤岗，河南，登封
人民网北京9月23日电 据国家安监总局网站消息，国家安全监管总局、国家煤矿安监局22日联合通报黑龙江富华煤矿“9.20”火灾和河南新丰二矿“9.21”煤与瓦斯突出事故。,340725,
张俊雄承认曾收陈水扁200万元,340726,
人民网9月23日电 台湾前“行政院长”张俊雄向特侦组否认收过陈水扁两百万元。张俊雄昨天通过幕僚张世忠表示，2002年一月他卸任“行政院长”职务时，确曾收到陈水扁的两百万元，并于上周五（十九日）以陈明状向特侦组主任检察官陈云南说明。,340726," (4,台湾)"
我国计划3年耗资万亿完成地震重灾区恢复重建,340727,
新华网北京9月23日电 (记者 江国成)根据中国政府网23日发布的《汶川地震灾后恢复重建总体规划》，我国计划用3年左右的时间，耗资1万亿元，完成四川、甘肃、陕西重灾区灾后恢复重建主要任务，使广大灾区基本生活条件和经济社会发展水平达到或超过灾前水平，努力把灾区建设成为安居乐业、生态文明、安全和谐的新家园。,340727,
李登辉赴日本冲绳参观二战史迹(图),340728," (2,日本) (3,冲绳)"
环球时报驻台北特约撰稿人连田报道 李登辉22日上午抵达日本冲绳之后，参观第二次世界大战史迹的相关地点。他表示，1945年美军为了占领冲绳，牺牲很大；当年如果美军选择从台湾登陆，台湾一定会很惨，牺牲很多人。,340728," (13,日本) (14,冲绳) (44,台湾)"
杨洁篪外长会见美国国务卿赖斯,340729," (3,美国)"
人民网联合国9月22日电 （记者何洪泽、席来旺）外交部长杨洁篪在纽约出席非洲发展高级别会议及第63届联大期间，今天与美国国务卿赖举行了双边会见。,340729," (15,纽约) "
温家宝启程赴纽约将首次出席联大会议,340730," (3,纽约)"
国际在线报道(记者刘轶瑶)：应联合国秘书长潘基文的邀请，中国总理温家宝23日上午乘专机离开北京，赴纽约出席联合国千年发展目标高级别会议和第63届联合国大会一般性辩论。,340730," (23,北京) (26,纽约)"
澳门特区立法会表决通过行政长官选举法,340731,
新华网澳门9月23日电 (记者刘卫国)澳门特区立法会23日召开全体会议，通过细则性讨论及表决《行政长官选举法》修改法案和引介、一般性讨论及表决《澳门特别行政区立法会组织法》修改法案。,340731,
缺陷产品召回管理条例听证会将于今日下午举行,340732,
随着奶粉事件不断升级，相关立法紧急提速。,340732,
香港警队曝盗卖警察制服丑闻(图),340733,
中新网9月23日电 据香港《大公报》报道，香港警队被揭发盗卖警察制服丑闻，警员及助理物料供应员，怀疑贪污偷取警察制服及家具出售，香港廉政公署经过调查，日前采取行动拘捕5人，涉嫌买家包括一名医院管理局职员及电影道具供货商。,340733,
马英九称最快明年承认大陆学历,340734,
中新网9月23日电 台湾《中国时报》“焦点”栏目今天报道说，台当局的两岸开放政策继续松绑。马英九22日表示，台“教育部”已经准备要承认大陆学历，并开放大陆的学生到台就学，现在正在作业中，最快明年实施。这是马英九就任后，首度明确宣示承认大陆学历及开放时程。,340734,
台湾请求日本协查陈水扁海外洗钱案受阻,340735," (0,台湾) (2,日本)"
台湾“最高检察署”特侦组针对陈水扁海外洗钱案，近日向日本请求司法协助清查扁家人头账户，特侦组发言人陈云南首度证实对日谈判的确受阻。另外特侦组收到新加坡提供的查账数据。据指出，新加坡提供的数据显示，吴淑珍疑利用私人或境外公司作为人头，人头数量不少，并通过层层转汇，资金来往相当复杂，超出特侦组原先的评估。特侦组认为，新加坡提供的数据还不完整，无法拼出吴淑珍的资金流向，因此将请求新加坡继续提供司法互助。,340735," (0,台湾) (14,日本) (38,新加坡)"
国台办：山东输台奶精未检测出三聚氰胺,340736,
新华网北京9月24日电(记者 刘畅 李凯)国务院台湾事务办公室发言人李维一24日在新闻发布会上说，山东出入境检验检疫局从山东都庆公司出口台湾的同批次原料留样中抽取4个植物奶精样品，分送不同实验室检测，均未检测出三聚氰胺。,340736,
山东输台奶精未检测出三聚氰胺,340737,
新华网快讯：国台办发言人李维一说，山东出入境检验检疫局从山东都庆公司出口台湾的同批次原料留样中抽取4个植物奶精样品，分送不同实验室检测，均未检测出三聚氰胺。,340737," (14,山东) (19,台湾)"
杨洁篪会见美国国务卿赖斯,340738,
本报联合国9月22日电(记者何洪泽、席来旺)外交部长杨洁篪在纽约出席非洲发展高级别会议及第六十三届联大期间，今天与美国国务卿赖斯举行了双边会见。,340738," (16,纽约) "
温家宝：中方愿与美方加强食品安全合作,340739,
新华网联合国9月23日电 (记者王建刚 王星桥) 国务院总理温家宝当地时间23日在纽约出席了美国友好团体举行的盛大欢迎午宴，并发表了题为《继往开来，共创中美关系更加美好的明天》的演讲。,340739," (17,纽约)"
温家宝：中美关系发展潮流不会逆转,340740,
中新社纽约九月二十三日电 (记者 魏?张朔)中国总理温家宝二十三日抵达纽约，出席联合国千年发展目标高级别会议和第六十三届联大一般性辩论。他当天中午出席美国友好团体欢迎宴会，发表演讲并答问，与在座老友新朋共叙情谊。,340740,"(16,纽约) (37,美国)"
温家宝：感谢美国对中国抗震救灾的支持(全文),340741,
继往开来，共创中美关系更加美好的明天,340741,
温家宝：政府除了对人民的负责不应有任何特权,340742,
中新社纽约九月二十三日电 中新社记者魏?张朔,340742,
酒泉卫星发射中心：神七发射准备就绪,340743," (0,酒泉)"
新华网酒泉9月24日电 (记者徐壮志、李宣良) 包裹在防护罩内的巨大箭体挺拔矗立在高高的发射塔架上，神舟七号载人飞船的发射已经进入倒计时。酒泉卫星发射中心主任、发射场系统总指挥崔吉俊24日接受新华社记者采访时说，酒泉卫星发射中心已经做好神舟七号载人飞船发射的一切准备。,340743,
雷曼香港迷你债券高达127亿 逾660市民投诉,340744,
雷曼迷你债券事件愈演愈烈。,340744,
香港的士新收费标准11月底生效,340745," (0,香港)"
中新网9月24日电 据香港特区政府网站消息，香港行政长官会同行政会议23日批准大屿山及市区的士调整收费，新收费11月30日生效。市区的士落旗收费增至18元，车程9公里以内的跳表收费增至1.5元，其后减至1元。新界的士落旗收费增至13元，20公里以内每跳1.3元，其后1.2元。,340745,
马英九将首次大规模调整台军高级将领,340746,
中新网9月24日电 马英九上任后，10月将首度进行一波高级将领人事调整，目前得知异动范围先锁定负责“守势战略”的陆军部分，至少十名中将职务将全数异动，这项人事牵涉台湾陆军四个作战区，调整规模不只在马英九当局内首见，在过去陈水扁任内也相当罕见。,340746,
上海合作组织经贸部长第七次会议在京召开,340747,"(9,京)"
本报北京9月24日电 (记者崔鹏) 记者在今天召开的上海合作组织经贸部长第七次会议上了解到，中国与俄罗斯等其他五个成员国的贸易额由2001年组织成立时的121亿美元增至2007年的675亿美元，年均增长30%，截至2007年底，中方对其他五个成员国累计投资总额超过130亿美元。,340747,
中央国家机关食品特供中心相关信息属谣传,340748,
中新网9月25日电 国务院机关老干部活动中心负责人今天接受中国新闻网记者采访时，就近日网上出现的所谓题为“祝咏兰主任在中央国家机关特供产品授牌仪式上的讲话”的贴文进行了说明。,340748,
农业部再次紧急通知采取措施保护奶农利益,340749,
受三鹿牌婴幼儿奶粉事件影响，近几天来，河北、内蒙古、山西、山东等奶牛主产省相继出现大量倒奶现象，奶农损失惨重，生产积极性严重受挫，对奶业稳定健康发展极其不利。针对这一严峻形势，9月24日，农业部再次下发《关于采取切实措施保护奶农合法利益的紧急通知》，要求各级农业和畜牧兽医部门在当地政府的领导下，采取更加有力的措施，千方百计保护奶农合法利益，千方百计稳定奶业生产。,340749," (14,河北) (16,内蒙古) (18,山西) (20,山东)"
卫生部要求加强国庆消费环节食品安全监管,340750,
中新网9月25日电 据国家药监局网站消息，为加强国庆节期间食品安全保障工作，切实保障人民群众的饮食安全，卫生部、国家药监局现将进一步做好餐饮业、食堂等消费环节食品安全监管工作通知如下：,340750,
台“卫生署长”因问题奶粉事件请辞,340751,
中新网9月25日电 受问题奶粉事件影响，台当局“卫生署长”林芳郁今天表示，已向“行政院长”请辞以示负责，他说，正待 “行政院”回应。,340751,
台教育部门拟放宽台湾高校赴大陆设教育班限制,340752," (5,台湾)"
中新网9月25日电 据台湾《联合报》报道，台当局“教育部”决定放宽台湾高校赴大陆开设推广教育学分班或非学分班，除了原来的台商外，预计下学期即可招收大陆生，且不限制报考学生的学历，台湾派去的老师也只要占师资的三分之一即可。,340752,
台检方考虑追加起诉叶盛茂泄密图利罪,340753,
中新网9月25日电 台北地检署侦办前台湾“调查局长”叶盛茂将洗钱公文泄密给陈水扁一案，24日再度传唤叶盛茂。据了解，叶盛茂仍坚称公文确曾交付陈水扁。检方认为，叶盛茂将情资公文交付陈水扁“示警”，不举发陈水扁家族犯罪，还让陈水扁家海外资产提早移转，湮灭事证，逃避司法调查，疑涉及泄密、图利陈水扁，罪加一等。,340753,
台湾专家获准来大陆沟通奶制品污染事宜,340754,
新华网北京9月25日电 海峡两岸关系协会25日就台湾海基会拟组专家团来大陆沟通事宜致函海基会。,340754,
台特侦组搜查陈水扁办公室带回近40箱证物,340755,
中新网9月25日电 据台湾媒体报道，台湾特侦组为了调查陈水扁家族海外洗钱疑案，今早(25日)兵分多路进入陈水扁住家宝徕花园广场、陈水扁办公室、吴淑珍同学蔡美利家族等，总计二十多个处所。,340755," (5,台湾)"
吴邦国会见委内瑞拉总统查韦斯,340756,
据新华社北京9月24日电 (记者熊争艳)全国人大常委会委员长吴邦国24日在人民大会堂会见委内瑞拉总统查韦斯。,340756,
国务院督查组赴重点省区督查奶粉事件处置工作,340757,
中新网9月25日电 据中央电视台新闻联播报道，为贯彻落实党中央、国务院关于做好婴幼儿奶粉事件处置工作的部署，近日，国务院派出督查组赴重点省区开展督促检查。,340757,
外交部就查韦斯访华及朝核问题等答问(实录),340758," (5,华)"
中新网9月25日电 9月25日，中国外交部发言人刘建超举行例行记者会，就中国同委内瑞拉合作、朝核问题、三鹿奶粉安全事故等回答了记者提问。,340758,
外交部提醒十一期间出国带齐所需证件,340759,
新华网消息：据外交部网站报道：“十一”长假将至，为使出行的中国公民过一个平安、顺利的假期，外交部领事司特提醒如下事项：,340759,
外交部称已就布什同达赖通话提出严正交涉,340760,
国际在线消息(记者翟磊、辛盛通)：中国外交部发言人刘建超25日在北京表示，中方已就美国领导人同达赖通话等事向美方提出严正交涉。,340760," (16,北京)"
大陆同意台专家来大陆了解食品安全问题,340761,
新华网北京9月25日电 国务院台湾事务办公室发言人25日表示，大陆方面同意台湾专家来大陆了解沟通情况，并在两会框架下建立直接联系渠道，妥善处理涉及两岸的食品安全问题。,340761,
大陆向台湾遣返5名电话诈骗集团疑犯,340762," (2,台湾)"
中新社香港九月二十五日电 台北消息：两岸合作打击犯罪又有进展。台湾“刑事警察局”今天派员经金门“小三通”管道，前往福建厦门，押解回落网的温武荣等五名台籍电话诈骗集团主嫌。,340762," (1,香港) (8,两) (9,岸) (17,台湾) (33,福建) (34,厦门)"
德国拟调整对中国援助合作 停供低息贷款,340763,
中新网9月25日电 德国准备调整对中国的发展援助合作。今后将不再提供低息贷款，而把重点放在技术咨询和经济合作上。据德国之声援引德国《柏林日报》报道，发展援助部部长维乔雷克-措伊尔在接受采访时表示：,340763,
总指挥常万全宣布神舟七号发射成功,340764,
总指挥常万全宣布：神舟七号载人飞船进入预定轨道，发射圆满成功！,340764,
我国在联合国发布千年发展目标进展报告,340765,
新华网联合国9月24日电 中国政府24日在纽约联合国总部发布了2008年版《中国实施千年发展目标进展情况报告》。,340765,
我国审计机关近年移交逾万件经济案件线索,340766,
中新网9月25日电 据国家审计署网站消息：中国审计署审计长刘家义日前在非洲高级审计研讨班上作主题发言时透露，近年来，中国审计机关向司法机关和纪检监察部门移交经济犯罪案件线索1万多件。,340766," (16,非洲)"
我国将建立乳制品原材料进厂检验制,340767,
新华网北京9月25日电(记者 徐博、蒋旭峰)国家质检总局25日发出《关于监督乳制品生产企业落实质量安全责任的意见》，要求各地质检部门建立原材料和半成品进厂检验制度，监督企业严把进厂关，所有原材料和半成品进厂时，必须有供应方提供的产品检验报告或者验收检验报告，确保不合格的原材料不进厂。,340767,
据称姚中民被提名国开行监事长,340768,
知情人士透露，国家开发银行副行长姚中民已被提名为该行监事长，不再担任副行长职务。原监事会主席朱元?因年龄原因不再担任此职。,340768,
新台胞证今起签发 每人一号终生不变,340769,
